year,city_id,city,n_land_km2,urban_built_km2,urban_share,urban_obs_n,built_vol_sum,built_surf_sum,pop_sum,pop_land_sum,height_mean,vol_per_capita,vol_pc_land,built_m2_pc_land,pop_dens,pref_dens,lat,lon
2001,1,Shanghai_Shanghai,6943,519,0.07475154832205098,518,35061256.0,1845229.4921875,83791.8046875,189684.546875,19.001027323942917,418.4329974841849,184.8398120860366,2736.121674381916,161.4485639450867,27.320257363531613,31.174937991002842,121.39731959211504
2001,2,Jiangsu_Nanjing,7264,147,0.020236784140969164,147,9642956.0,531924.8580932617,24512.07421875,73147.2578125,18.128417676448038,393.3961652508306,131.82935749577933,2009.6447139113318,166.74880420918367,10.06983174731553,31.935716790867197,118.82972083372556
2001,3,Jiangsu_Wuxi,4468,111,0.024843330349149508,111,5912200.0,386906.96716308594,11616.796875,60206.0234375,15.280675980972802,508.93547193920443,98.19947677058371,1843.6693483871982,104.65582770270271,13.474938101499552,31.549667157961814,120.05717776035183
2001,4,Jiangsu_Xuzhou,13482,111,0.008233199821984869,111,5122919.0,398757.7438354492,15902.1767578125,107839.546875,12.847196271914951,322.15205993627177,47.5050122932928,1029.3069955928447,143.26285367398648,7.99877962283044,34.32449774262204,117.50910738727144
2001,5,Jiangsu_Changzhou,4818,87,0.01805728518057285,86,4799080.0,301221.9047546387,10443.2578125,45406.3046875,15.932041874275734,459.5385928570841,105.69193051556888,1916.0334803450855,120.03744612068965,9.424305663657119,31.651482732547414,119.60118605513709
2001,6,Jiangsu_Suzhou,6960,138,0.019827586206896553,137,7762861.0,507863.99841308594,19733.099609375,100689.765625,15.285314620166975,393.39288574370454,77.09682261960276,1370.5464417700098,142.99347543025362,14.46692034841954,31.44195132902768,120.6975538078631
2001,7,Jiangsu_Nantong,9786,87,0.008890251379521767,86,4840393.0,311182.861328125,12952.373046875,87887.25,15.554818730508668,373.70704059267615,55.07503079229353,989.9046790063405,148.87785111350576,8.980916615573268,32.21350530807948,120.95831823942517
2001,8,Jiangsu_Lianyungang,8818,56,0.0063506464050805175,56,2665240.0,196381.03485107422,6447.48828125,56690.83984375,13.57177897560825,413.3764783645763,47.01359174331997,987.8139070499911,115.13371930803571,6.428990683119755,34.50592614189938,119.08713484257518
2001,9,Jiangsu_Huaian,9745,55,0.005643919958953309,55,2577590.0,191762.44735717773,10777.359375,59296.96875,13.441578554736358,239.1671197287137,43.46916974571318,927.5347654259308,195.95198863636364,6.084860826064649,33.39821736096465,119.0105658323877
2001,10,Jiangsu_Yancheng,17270,82,0.004748118123914302,80,3923261.75,290324.13482666016,13554.9794921875,98326.265625,13.513384797796462,289.4332486641678,39.90044496312579,833.958245833665,165.3046279535061,5.6934722423277355,33.5087075718737,120.12563476574105
2001,11,Jiangsu_Yangzhou,7233,80,0.011060417530761786,80,4061388.25,298422.9278564453,10922.9541015625,55696.15625,13.609504736022522,371.8214149978923,72.92044053758198,1436.364829933843,136.53692626953125,7.7002842872943456,32.732957136188475,119.4689330575752
2001,12,Jiangsu_Zhenjiang,4212,52,0.012345679012345678,52,2739306.0,183419.28482055664,7769.37109375,33837.5625,14.934667326175253,352.5775724889251,80.95459003585142,1536.7537185930576,149.4109825721154,8.03360933048433,32.05004877211815,119.43787168969979
2001,13,Jiangsu_Taizhou,6623,55,0.008304393779254115,53,3072483.25,201506.36672973633,8628.6494140625,56798.9453125,15.247574058644338,356.07927759733,54.0940194064453,968.3278394941588,156.88453480113637,8.576014693114903,32.59651959688939,120.01859361694291
2001,14,Jiangsu_Suqian,9405,28,0.0029771398192450825,0,1398705.5,102150.25901794434,6528.451171875,62951.1953125,13.692628030970484,214.2476773090861,22.218887076831468,444.7890125199916,233.15897042410714,6.693375365497076,33.771292490437816,118.49384829020626
2001,15,Zhejiang_Hangzhou,18384,63,0.003426892950391645,63,4069214.0,214910.9649658203,11623.5361328125,77749.265625,18.934417797840947,350.0839979765597,52.337651903062586,810.2970425966644,184.50057353670636,4.229181115372063,29.902960760769375,119.42732290731314
2001,16,Zhejiang_Ningbo,9637,147,0.015253709660682785,144,7066000.0,536627.1209716797,12653.23046875,67041.859375,13.167429904037418,558.4344660006848,105.39683812282392,2192.6599496256886,86.07639774659864,6.9567146803984645,29.726300490831505,121.40836118452712
2001,17,Zhejiang_Wenzhou,12585,130,0.010329757647993643,130,7967237.0,463415.6799316406,24375.96484375,81539.59375,17.192419991432452,326.8480673922042,97.71004040598375,1594.3174845655888,187.507421875,6.479109555025825,27.91658611468568,120.38204275052409
2001,18,Zhejiang_Jiaxing,4676,26,0.005560307955517536,0,1468276.625,88773.44131469727,4271.62353515625,42252.59375,16.539593410545336,343.7280024599107,34.749976147914,615.3468389144749,164.293212890625,9.036055121899059,30.636614355340335,120.71407290583244
2001,19,Zhejiang_Huzhou,6860,20,0.0029154518950437317,0,1064626.125,68566.29848480225,4445.51171875,29638.068359375,15.526959286506838,239.4833693744832,35.92090119001435,674.8078099250918,222.2755859375,4.320418128188775,30.72851771266912,119.84912648005557
2001,20,Zhejiang_Shaoxing,9294,29,0.0031202926619324296,0,1602370.625,101622.24769592285,5837.7431640625,49136.4765625,15.767911666298325,274.48460474662375,32.61061307401309,590.192908177145,201.30148841594828,5.286903008661502,29.707569646153477,120.60140275944579
2001,21,Zhejiang_Jinhua,12538,39,0.003110543946402935,39,2467858.5,139795.30334472656,5321.78173828125,53055.15625,17.653372044369856,463.72786810250363,46.51496055107744,735.08406640495,136.45594200721155,4.23154859227947,29.115572659438808,119.93810948166113
2001,22,Zhejiang_Quzhou,10687,12,0.0011228595489847478,0,641381.125,41678.218841552734,1318.1661376953125,25382.599609375,15.388880399095893,486.57077940220313,25.268535724099255,472.76481466334246,109.84717814127605,2.3750911957869376,28.942249141037596,118.66548294306223
2001,23,Zhejiang_Zhoushan,760,9,0.011842105263157895,0,664213.75,34822.91221618652,1823.435546875,6984.1220703125,19.07404371801097,364.26500028384777,95.10339929815692,1288.6372702814601,202.60394965277777,9.189634303042762,29.930222295487553,121.66481981690896
2001,24,Zhejiang_Taizhou,10495,59,0.00562172463077656,59,3408517.0,212120.72372436523,8000.34716796875,58795.43359375,16.068759997392377,426.0461363035332,57.97247833141804,1003.4792907160693,135.59910454184322,5.602232834087661,28.78030381964947,121.04669890427489
2001,25,Zhejiang_Lishui,19368,8,0.0004130524576621231,0,472045.125,28879.146575927734,2021.620361328125,24219.892578125,16.345535826653343,233.49840258330448,19.489975997100135,330.30699761341907,252.70254516601562,1.2505107692133932,28.192527343951202,119.47800510960715
2001,26,Anhui_Hefei,12801,91,0.007108819623466917,91,5411572.0,320254.40216064453,21660.103515625,81023.734375,16.897728691596477,249.84054190213087,66.78996027205763,1123.127694643487,238.0231155563187,6.32948475705023,31.8059561424028,117.32441610351175
2001,27,Anhui_Wuhu,6365,20,0.003142183817753339,0,1128775.125,68724.29370880127,4510.47900390625,38046.7421875,16.424688622961312,250.25615328714244,29.668115063235334,525.669186114202,225.5239501953125,5.977492880989788,31.164408878773543,118.11123309603293
2001,28,Anhui_Bengbu,6577,29,0.00440930515432568,0,1545292.625,103357.09571838379,4765.20947265625,39058.2578125,14.951006646030823,324.2863999719648,39.56378782735805,742.4806333967869,164.3175680226293,5.938613016953018,33.075971492967824,117.30712625015883
2001,29,Anhui_Huainan,2417,38,0.015721969383533305,38,2137469.25,142809.94415283203,4503.0791015625,21996.7109375,14.967229786971473,474.6683773017291,97.17222070487101,1727.5309980646964,118.5020816200658,9.100831997310715,32.70347454233038,116.81316200965705
2001,30,Anhui_Maanshan,4561,38,0.008331506248629687,38,2103340.75,135687.08419799805,3622.90380859375,27354.1875,15.501407244706884,580.5676499085477,76.89282491026283,1389.1840143305299,95.33957391036184,5.9974101074325805,31.641224731748427,118.3057299058898
2001,31,Anhui_Huaibei,3306,29,0.008771929824561403,0,1163655.0,103446.79832458496,3322.382568359375,22959.978515625,11.248825665428527,350.24714224124534,50.68188540368605,1263.0673839814167,114.56491615032327,6.944942079741379,33.66128937128523,116.76664541082641
2001,32,Anhui_Tongling,1253,8,0.006384676775738229,0,494128.84375,28843.83201599121,1689.385986328125,8481.9716796875,17.131178807172766,292.4901992492476,58.25636566711634,943.1769289159832,211.17324829101562,6.769330949471269,31.135937536114692,117.83803087401012
2001,33,Anhui_Anqing,16820,23,0.0013674197384066587,0,1247426.0,83187.88528442383,3795.87548828125,61037.9296875,14.995284418337885,328.6266906939108,20.436898931312562,376.81487753196495,165.03806470788044,3.628889993311534,30.652154436099703,116.56293238294478
2001,34,Anhui_Huangshan,11250,7,0.0006222222222222223,0,337967.78125,23826.112747192383,933.7670288085938,16554.62109375,14.184763785684066,361.9401529750068,20.415313605552452,422.8426588780559,133.3952898297991,1.471521875,29.951300817098428,118.02958050176348
2001,35,Anhui_Chuzhou,15635,31,0.001982731052126639,31,1319309.25,113492.45071411133,5477.85107421875,48424.8359375,11.624643240133688,240.84430776317876,27.24447537009273,640.1673727921445,176.70487336189515,3.0972072873361047,32.528067108118144,118.07782843365027
2001,36,Anhui_Fuyang,12558,49,0.0039018952062430325,45,2532828.75,176559.56268310547,9961.03515625,99701.875,14.345463431771174,254.2736482975657,25.40402324429706,491.465180569573,203.2864317602041,7.9393115942028984,32.89321331954427,115.68649298440187
2001,37,Anhui_Suzhou,11938,38,0.0031831127492042218,38,1511122.0,135750.35095214844,6689.67822265625,66725.203125,11.131624996922959,225.88859279990652,22.64694492078401,569.4999523465294,176.04416375411185,5.589311704221813,33.81021621747854,117.17245163670843
2001,38,Anhui_Lu'an,21692,14,0.0006453992255209294,0,664980.375,52420.86887359619,2951.22998046875,73157.40625,12.685413067140962,225.32312947511457,9.089720495660684,191.368184270475,210.80214146205358,3.372552381062143,31.753773065560694,116.28652963739101
2001,39,Anhui_Bozhou,10768,32,0.0029717682020802376,32,1436684.875,118661.3941192627,3623.20703125,64909.70703125,12.107432966412269,396.5229871240193,22.133590501468838,492.99251935606463,113.2252197265625,6.028018855056649,33.42234822290941,116.15788415359076
2001,40,Anhui_Chizhou,9456,4,0.00042301184433164127,0,251824.484375,14576.160907745361,910.0147705078125,16475.87109375,17.27646161213736,276.72571098431206,15.284441286417188,242.77927262476402,227.50369262695312,1.7423721545843909,30.278283798271122,117.36728775763781
2001,41,Anhui_Xuancheng,13596,10,0.0007355104442483084,0,479715.40625,36533.30087661743,2774.59130859375,30843.40234375,13.130907822157246,172.89588011184784,15.553258389057323,324.2184467378115,277.459130859375,2.2685644559980878,30.68143788152658,118.83135523192556
2002,1,Shanghai_Shanghai,6943,519,0.07475154832205098,516,35061256.0,1845229.4921875,83791.8046875,189684.546875,19.001027323942917,418.4329974841849,184.8398120860366,2736.121674381916,161.4485639450867,27.320257363531613,31.174937991002842,121.39731959211504
2002,2,Jiangsu_Nanjing,7264,147,0.020236784140969164,146,9642956.0,531924.8580932617,24512.07421875,73147.2578125,18.128417676448038,393.3961652508306,131.82935749577933,2009.6447139113318,166.74880420918367,10.06983174731553,31.935716790867197,118.82972083372556
2002,3,Jiangsu_Wuxi,4468,111,0.024843330349149508,109,5912200.0,386906.96716308594,11616.796875,60206.0234375,15.280675980972802,508.93547193920443,98.19947677058371,1843.6693483871982,104.65582770270271,13.474938101499552,31.549667157961814,120.05717776035183
2002,4,Jiangsu_Xuzhou,13482,111,0.008233199821984869,110,5122919.0,398757.7438354492,15902.1767578125,107839.546875,12.847196271914951,322.15205993627177,47.5050122932928,1029.3069955928447,143.26285367398648,7.99877962283044,34.32449774262204,117.50910738727144
2002,5,Jiangsu_Changzhou,4818,87,0.01805728518057285,87,4799080.0,301221.9047546387,10443.2578125,45406.3046875,15.932041874275734,459.5385928570841,105.69193051556888,1916.0334803450855,120.03744612068965,9.424305663657119,31.651482732547414,119.60118605513709
2002,6,Jiangsu_Suzhou,6960,138,0.019827586206896553,136,7762861.0,507863.99841308594,19733.099609375,100689.765625,15.285314620166975,393.39288574370454,77.09682261960276,1370.5464417700098,142.99347543025362,14.46692034841954,31.44195132902768,120.6975538078631
2002,7,Jiangsu_Nantong,9786,87,0.008890251379521767,85,4840393.0,311182.861328125,12952.373046875,87887.25,15.554818730508668,373.70704059267615,55.07503079229353,989.9046790063405,148.87785111350576,8.980916615573268,32.21350530807948,120.95831823942517
2002,8,Jiangsu_Lianyungang,8818,56,0.0063506464050805175,56,2665240.0,196381.03485107422,6447.48828125,56690.83984375,13.57177897560825,413.3764783645763,47.01359174331997,987.8139070499911,115.13371930803571,6.428990683119755,34.50592614189938,119.08713484257518
2002,9,Jiangsu_Huaian,9745,55,0.005643919958953309,55,2577590.0,191762.44735717773,10777.359375,59296.96875,13.441578554736358,239.1671197287137,43.46916974571318,927.5347654259308,195.95198863636364,6.084860826064649,33.39821736096465,119.0105658323877
2002,10,Jiangsu_Yancheng,17270,82,0.004748118123914302,80,3923261.75,290324.13482666016,13554.9794921875,98326.265625,13.513384797796462,289.4332486641678,39.90044496312579,833.958245833665,165.3046279535061,5.6934722423277355,33.5087075718737,120.12563476574105
2002,11,Jiangsu_Yangzhou,7233,80,0.011060417530761786,80,4061388.25,298422.9278564453,10922.9541015625,55696.15625,13.609504736022522,371.8214149978923,72.92044053758198,1436.364829933843,136.53692626953125,7.7002842872943456,32.732957136188475,119.4689330575752
2002,12,Jiangsu_Zhenjiang,4212,52,0.012345679012345678,52,2739306.0,183419.28482055664,7769.37109375,33837.5625,14.934667326175253,352.5775724889251,80.95459003585142,1536.7537185930576,149.4109825721154,8.03360933048433,32.05004877211815,119.43787168969979
2002,13,Jiangsu_Taizhou,6623,55,0.008304393779254115,55,3072483.25,201506.36672973633,8628.6494140625,56798.9453125,15.247574058644338,356.07927759733,54.0940194064453,968.3278394941588,156.88453480113637,8.576014693114903,32.59651959688939,120.01859361694291
2002,14,Jiangsu_Suqian,9405,28,0.0029771398192450825,0,1398705.5,102150.25901794434,6528.451171875,62951.1953125,13.692628030970484,214.2476773090861,22.218887076831468,444.7890125199916,233.15897042410714,6.693375365497076,33.771292490437816,118.49384829020626
2002,15,Zhejiang_Hangzhou,18384,63,0.003426892950391645,63,4069214.0,214910.9649658203,11623.5361328125,77749.265625,18.934417797840947,350.0839979765597,52.337651903062586,810.2970425966644,184.50057353670636,4.229181115372063,29.902960760769375,119.42732290731314
2002,16,Zhejiang_Ningbo,9637,147,0.015253709660682785,142,7066000.0,536627.1209716797,12653.23046875,67041.859375,13.167429904037418,558.4344660006848,105.39683812282392,2192.6599496256886,86.07639774659864,6.9567146803984645,29.726300490831505,121.40836118452712
2002,17,Zhejiang_Wenzhou,12585,130,0.010329757647993643,127,7967237.0,463415.6799316406,24375.96484375,81539.59375,17.192419991432452,326.8480673922042,97.71004040598375,1594.3174845655888,187.507421875,6.479109555025825,27.91658611468568,120.38204275052409
2002,18,Zhejiang_Jiaxing,4676,26,0.005560307955517536,0,1468276.625,88773.44131469727,4271.62353515625,42252.59375,16.539593410545336,343.7280024599107,34.749976147914,615.3468389144749,164.293212890625,9.036055121899059,30.636614355340335,120.71407290583244
2002,19,Zhejiang_Huzhou,6860,20,0.0029154518950437317,0,1064626.125,68566.29848480225,4445.51171875,29638.068359375,15.526959286506838,239.4833693744832,35.92090119001435,674.8078099250918,222.2755859375,4.320418128188775,30.72851771266912,119.84912648005557
2002,20,Zhejiang_Shaoxing,9294,29,0.0031202926619324296,0,1602370.625,101622.24769592285,5837.7431640625,49136.4765625,15.767911666298325,274.48460474662375,32.61061307401309,590.192908177145,201.30148841594828,5.286903008661502,29.707569646153477,120.60140275944579
2002,21,Zhejiang_Jinhua,12538,39,0.003110543946402935,38,2467858.5,139795.30334472656,5321.78173828125,53055.15625,17.653372044369856,463.72786810250363,46.51496055107744,735.08406640495,136.45594200721155,4.23154859227947,29.115572659438808,119.93810948166113
2002,22,Zhejiang_Quzhou,10687,12,0.0011228595489847478,0,641381.125,41678.218841552734,1318.1661376953125,25382.599609375,15.388880399095893,486.57077940220313,25.268535724099255,472.76481466334246,109.84717814127605,2.3750911957869376,28.942249141037596,118.66548294306223
2002,23,Zhejiang_Zhoushan,760,9,0.011842105263157895,0,664213.75,34822.91221618652,1823.435546875,6984.1220703125,19.07404371801097,364.26500028384777,95.10339929815692,1288.6372702814601,202.60394965277777,9.189634303042762,29.930222295487553,121.66481981690896
2002,24,Zhejiang_Taizhou,10495,59,0.00562172463077656,59,3408517.0,212120.72372436523,8000.34716796875,58795.43359375,16.068759997392377,426.0461363035332,57.97247833141804,1003.4792907160693,135.59910454184322,5.602232834087661,28.78030381964947,121.04669890427489
2002,25,Zhejiang_Lishui,19368,8,0.0004130524576621231,0,472045.125,28879.146575927734,2021.620361328125,24219.892578125,16.345535826653343,233.49840258330448,19.489975997100135,330.30699761341907,252.70254516601562,1.2505107692133932,28.192527343951202,119.47800510960715
2002,26,Anhui_Hefei,12801,91,0.007108819623466917,91,5411572.0,320254.40216064453,21660.103515625,81023.734375,16.897728691596477,249.84054190213087,66.78996027205763,1123.127694643487,238.0231155563187,6.32948475705023,31.8059561424028,117.32441610351175
2002,27,Anhui_Wuhu,6365,20,0.003142183817753339,0,1128775.125,68724.29370880127,4510.47900390625,38046.7421875,16.424688622961312,250.25615328714244,29.668115063235334,525.669186114202,225.5239501953125,5.977492880989788,31.164408878773543,118.11123309603293
2002,28,Anhui_Bengbu,6577,29,0.00440930515432568,0,1545292.625,103357.09571838379,4765.20947265625,39058.2578125,14.951006646030823,324.2863999719648,39.56378782735805,742.4806333967869,164.3175680226293,5.938613016953018,33.075971492967824,117.30712625015883
2002,29,Anhui_Huainan,2417,38,0.015721969383533305,37,2137469.25,142809.94415283203,4503.0791015625,21996.7109375,14.967229786971473,474.6683773017291,97.17222070487101,1727.5309980646964,118.5020816200658,9.100831997310715,32.70347454233038,116.81316200965705
2002,30,Anhui_Maanshan,4561,38,0.008331506248629687,38,2103340.75,135687.08419799805,3622.90380859375,27354.1875,15.501407244706884,580.5676499085477,76.89282491026283,1389.1840143305299,95.33957391036184,5.9974101074325805,31.641224731748427,118.3057299058898
2002,31,Anhui_Huaibei,3306,29,0.008771929824561403,0,1163655.0,103446.79832458496,3322.382568359375,22959.978515625,11.248825665428527,350.24714224124534,50.68188540368605,1263.0673839814167,114.56491615032327,6.944942079741379,33.66128937128523,116.76664541082641
2002,32,Anhui_Tongling,1253,8,0.006384676775738229,0,494128.84375,28843.83201599121,1689.385986328125,8481.9716796875,17.131178807172766,292.4901992492476,58.25636566711634,943.1769289159832,211.17324829101562,6.769330949471269,31.135937536114692,117.83803087401012
2002,33,Anhui_Anqing,16820,23,0.0013674197384066587,0,1247426.0,83187.88528442383,3795.87548828125,61037.9296875,14.995284418337885,328.6266906939108,20.436898931312562,376.81487753196495,165.03806470788044,3.628889993311534,30.652154436099703,116.56293238294478
2002,34,Anhui_Huangshan,11250,7,0.0006222222222222223,0,337967.78125,23826.112747192383,933.7670288085938,16554.62109375,14.184763785684066,361.9401529750068,20.415313605552452,422.8426588780559,133.3952898297991,1.471521875,29.951300817098428,118.02958050176348
2002,35,Anhui_Chuzhou,15635,31,0.001982731052126639,31,1319309.25,113492.45071411133,5477.85107421875,48424.8359375,11.624643240133688,240.84430776317876,27.24447537009273,640.1673727921445,176.70487336189515,3.0972072873361047,32.528067108118144,118.07782843365027
2002,36,Anhui_Fuyang,12558,49,0.0039018952062430325,49,2532828.75,176559.56268310547,9961.03515625,99701.875,14.345463431771174,254.2736482975657,25.40402324429706,491.465180569573,203.2864317602041,7.9393115942028984,32.89321331954427,115.68649298440187
2002,37,Anhui_Suzhou,11938,38,0.0031831127492042218,38,1511122.0,135750.35095214844,6689.67822265625,66725.203125,11.131624996922959,225.88859279990652,22.64694492078401,569.4999523465294,176.04416375411185,5.589311704221813,33.81021621747854,117.17245163670843
2002,38,Anhui_Lu'an,21692,14,0.0006453992255209294,0,664980.375,52420.86887359619,2951.22998046875,73157.40625,12.685413067140962,225.32312947511457,9.089720495660684,191.368184270475,210.80214146205358,3.372552381062143,31.753773065560694,116.28652963739101
2002,39,Anhui_Bozhou,10768,32,0.0029717682020802376,32,1436684.875,118661.3941192627,3623.20703125,64909.70703125,12.107432966412269,396.5229871240193,22.133590501468838,492.99251935606463,113.2252197265625,6.028018855056649,33.42234822290941,116.15788415359076
2002,40,Anhui_Chizhou,9456,4,0.00042301184433164127,0,251824.484375,14576.160907745361,910.0147705078125,16475.87109375,17.27646161213736,276.72571098431206,15.284441286417188,242.77927262476402,227.50369262695312,1.7423721545843909,30.278283798271122,117.36728775763781
2002,41,Anhui_Xuancheng,13596,10,0.0007355104442483084,0,479715.40625,36533.30087661743,2774.59130859375,30843.40234375,13.130907822157246,172.89588011184784,15.553258389057323,324.2184467378115,277.459130859375,2.2685644559980878,30.68143788152658,118.83135523192556
2003,1,Shanghai_Shanghai,6943,519,0.07475154832205098,517,35061256.0,1845229.4921875,83791.8046875,189684.546875,19.001027323942917,418.4329974841849,184.8398120860366,2736.121674381916,161.4485639450867,27.320257363531613,31.174937991002842,121.39731959211504
2003,2,Jiangsu_Nanjing,7264,147,0.020236784140969164,146,9642956.0,531924.8580932617,24512.07421875,73147.2578125,18.128417676448038,393.3961652508306,131.82935749577933,2009.6447139113318,166.74880420918367,10.06983174731553,31.935716790867197,118.82972083372556
2003,3,Jiangsu_Wuxi,4468,111,0.024843330349149508,104,5912200.0,386906.96716308594,11616.796875,60206.0234375,15.280675980972802,508.93547193920443,98.19947677058371,1843.6693483871982,104.65582770270271,13.474938101499552,31.549667157961814,120.05717776035183
2003,4,Jiangsu_Xuzhou,13482,111,0.008233199821984869,111,5122919.0,398757.7438354492,15902.1767578125,107839.546875,12.847196271914951,322.15205993627177,47.5050122932928,1029.3069955928447,143.26285367398648,7.99877962283044,34.32449774262204,117.50910738727144
2003,5,Jiangsu_Changzhou,4818,87,0.01805728518057285,81,4799080.0,301221.9047546387,10443.2578125,45406.3046875,15.932041874275734,459.5385928570841,105.69193051556888,1916.0334803450855,120.03744612068965,9.424305663657119,31.651482732547414,119.60118605513709
2003,6,Jiangsu_Suzhou,6960,138,0.019827586206896553,137,7762861.0,507863.99841308594,19733.099609375,100689.765625,15.285314620166975,393.39288574370454,77.09682261960276,1370.5464417700098,142.99347543025362,14.46692034841954,31.44195132902768,120.6975538078631
2003,7,Jiangsu_Nantong,9786,87,0.008890251379521767,84,4840393.0,311182.861328125,12952.373046875,87887.25,15.554818730508668,373.70704059267615,55.07503079229353,989.9046790063405,148.87785111350576,8.980916615573268,32.21350530807948,120.95831823942517
2003,8,Jiangsu_Lianyungang,8818,56,0.0063506464050805175,56,2665240.0,196381.03485107422,6447.48828125,56690.83984375,13.57177897560825,413.3764783645763,47.01359174331997,987.8139070499911,115.13371930803571,6.428990683119755,34.50592614189938,119.08713484257518
2003,9,Jiangsu_Huaian,9745,55,0.005643919958953309,55,2577590.0,191762.44735717773,10777.359375,59296.96875,13.441578554736358,239.1671197287137,43.46916974571318,927.5347654259308,195.95198863636364,6.084860826064649,33.39821736096465,119.0105658323877
2003,10,Jiangsu_Yancheng,17270,82,0.004748118123914302,82,3923261.75,290324.13482666016,13554.9794921875,98326.265625,13.513384797796462,289.4332486641678,39.90044496312579,833.958245833665,165.3046279535061,5.6934722423277355,33.5087075718737,120.12563476574105
2003,11,Jiangsu_Yangzhou,7233,80,0.011060417530761786,80,4061388.25,298422.9278564453,10922.9541015625,55696.15625,13.609504736022522,371.8214149978923,72.92044053758198,1436.364829933843,136.53692626953125,7.7002842872943456,32.732957136188475,119.4689330575752
2003,12,Jiangsu_Zhenjiang,4212,52,0.012345679012345678,48,2739306.0,183419.28482055664,7769.37109375,33837.5625,14.934667326175253,352.5775724889251,80.95459003585142,1536.7537185930576,149.4109825721154,8.03360933048433,32.05004877211815,119.43787168969979
2003,13,Jiangsu_Taizhou,6623,55,0.008304393779254115,55,3072483.25,201506.36672973633,8628.6494140625,56798.9453125,15.247574058644338,356.07927759733,54.0940194064453,968.3278394941588,156.88453480113637,8.576014693114903,32.59651959688939,120.01859361694291
2003,14,Jiangsu_Suqian,9405,28,0.0029771398192450825,0,1398705.5,102150.25901794434,6528.451171875,62951.1953125,13.692628030970484,214.2476773090861,22.218887076831468,444.7890125199916,233.15897042410714,6.693375365497076,33.771292490437816,118.49384829020626
2003,15,Zhejiang_Hangzhou,18384,63,0.003426892950391645,62,4069214.0,214910.9649658203,11623.5361328125,77749.265625,18.934417797840947,350.0839979765597,52.337651903062586,810.2970425966644,184.50057353670636,4.229181115372063,29.902960760769375,119.42732290731314
2003,16,Zhejiang_Ningbo,9637,147,0.015253709660682785,146,7066000.0,536627.1209716797,12653.23046875,67041.859375,13.167429904037418,558.4344660006848,105.39683812282392,2192.6599496256886,86.07639774659864,6.9567146803984645,29.726300490831505,121.40836118452712
2003,17,Zhejiang_Wenzhou,12585,130,0.010329757647993643,128,7967237.0,463415.6799316406,24375.96484375,81539.59375,17.192419991432452,326.8480673922042,97.71004040598375,1594.3174845655888,187.507421875,6.479109555025825,27.91658611468568,120.38204275052409
2003,18,Zhejiang_Jiaxing,4676,26,0.005560307955517536,0,1468276.625,88773.44131469727,4271.62353515625,42252.59375,16.539593410545336,343.7280024599107,34.749976147914,615.3468389144749,164.293212890625,9.036055121899059,30.636614355340335,120.71407290583244
2003,19,Zhejiang_Huzhou,6860,20,0.0029154518950437317,0,1064626.125,68566.29848480225,4445.51171875,29638.068359375,15.526959286506838,239.4833693744832,35.92090119001435,674.8078099250918,222.2755859375,4.320418128188775,30.72851771266912,119.84912648005557
2003,20,Zhejiang_Shaoxing,9294,29,0.0031202926619324296,0,1602370.625,101622.24769592285,5837.7431640625,49136.4765625,15.767911666298325,274.48460474662375,32.61061307401309,590.192908177145,201.30148841594828,5.286903008661502,29.707569646153477,120.60140275944579
2003,21,Zhejiang_Jinhua,12538,39,0.003110543946402935,38,2467858.5,139795.30334472656,5321.78173828125,53055.15625,17.653372044369856,463.72786810250363,46.51496055107744,735.08406640495,136.45594200721155,4.23154859227947,29.115572659438808,119.93810948166113
2003,22,Zhejiang_Quzhou,10687,12,0.0011228595489847478,0,641381.125,41678.218841552734,1318.1661376953125,25382.599609375,15.388880399095893,486.57077940220313,25.268535724099255,472.76481466334246,109.84717814127605,2.3750911957869376,28.942249141037596,118.66548294306223
2003,23,Zhejiang_Zhoushan,760,9,0.011842105263157895,0,664213.75,34822.91221618652,1823.435546875,6984.1220703125,19.07404371801097,364.26500028384777,95.10339929815692,1288.6372702814601,202.60394965277777,9.189634303042762,29.930222295487553,121.66481981690896
2003,24,Zhejiang_Taizhou,10495,59,0.00562172463077656,59,3408517.0,212120.72372436523,8000.34716796875,58795.43359375,16.068759997392377,426.0461363035332,57.97247833141804,1003.4792907160693,135.59910454184322,5.602232834087661,28.78030381964947,121.04669890427489
2003,25,Zhejiang_Lishui,19368,8,0.0004130524576621231,0,472045.125,28879.146575927734,2021.620361328125,24219.892578125,16.345535826653343,233.49840258330448,19.489975997100135,330.30699761341907,252.70254516601562,1.2505107692133932,28.192527343951202,119.47800510960715
2003,26,Anhui_Hefei,12801,91,0.007108819623466917,91,5411572.0,320254.40216064453,21660.103515625,81023.734375,16.897728691596477,249.84054190213087,66.78996027205763,1123.127694643487,238.0231155563187,6.32948475705023,31.8059561424028,117.32441610351175
2003,27,Anhui_Wuhu,6365,20,0.003142183817753339,0,1128775.125,68724.29370880127,4510.47900390625,38046.7421875,16.424688622961312,250.25615328714244,29.668115063235334,525.669186114202,225.5239501953125,5.977492880989788,31.164408878773543,118.11123309603293
2003,28,Anhui_Bengbu,6577,29,0.00440930515432568,0,1545292.625,103357.09571838379,4765.20947265625,39058.2578125,14.951006646030823,324.2863999719648,39.56378782735805,742.4806333967869,164.3175680226293,5.938613016953018,33.075971492967824,117.30712625015883
2003,29,Anhui_Huainan,2417,38,0.015721969383533305,38,2137469.25,142809.94415283203,4503.0791015625,21996.7109375,14.967229786971473,474.6683773017291,97.17222070487101,1727.5309980646964,118.5020816200658,9.100831997310715,32.70347454233038,116.81316200965705
2003,30,Anhui_Maanshan,4561,38,0.008331506248629687,37,2103340.75,135687.08419799805,3622.90380859375,27354.1875,15.501407244706884,580.5676499085477,76.89282491026283,1389.1840143305299,95.33957391036184,5.9974101074325805,31.641224731748427,118.3057299058898
2003,31,Anhui_Huaibei,3306,29,0.008771929824561403,0,1163655.0,103446.79832458496,3322.382568359375,22959.978515625,11.248825665428527,350.24714224124534,50.68188540368605,1263.0673839814167,114.56491615032327,6.944942079741379,33.66128937128523,116.76664541082641
2003,32,Anhui_Tongling,1253,8,0.006384676775738229,0,494128.84375,28843.83201599121,1689.385986328125,8481.9716796875,17.131178807172766,292.4901992492476,58.25636566711634,943.1769289159832,211.17324829101562,6.769330949471269,31.135937536114692,117.83803087401012
2003,33,Anhui_Anqing,16820,23,0.0013674197384066587,0,1247426.0,83187.88528442383,3795.87548828125,61037.9296875,14.995284418337885,328.6266906939108,20.436898931312562,376.81487753196495,165.03806470788044,3.628889993311534,30.652154436099703,116.56293238294478
2003,34,Anhui_Huangshan,11250,7,0.0006222222222222223,0,337967.78125,23826.112747192383,933.7670288085938,16554.62109375,14.184763785684066,361.9401529750068,20.415313605552452,422.8426588780559,133.3952898297991,1.471521875,29.951300817098428,118.02958050176348
2003,35,Anhui_Chuzhou,15635,31,0.001982731052126639,30,1319309.25,113492.45071411133,5477.85107421875,48424.8359375,11.624643240133688,240.84430776317876,27.24447537009273,640.1673727921445,176.70487336189515,3.0972072873361047,32.528067108118144,118.07782843365027
2003,36,Anhui_Fuyang,12558,49,0.0039018952062430325,49,2532828.75,176559.56268310547,9961.03515625,99701.875,14.345463431771174,254.2736482975657,25.40402324429706,491.465180569573,203.2864317602041,7.9393115942028984,32.89321331954427,115.68649298440187
2003,37,Anhui_Suzhou,11938,38,0.0031831127492042218,38,1511122.0,135750.35095214844,6689.67822265625,66725.203125,11.131624996922959,225.88859279990652,22.64694492078401,569.4999523465294,176.04416375411185,5.589311704221813,33.81021621747854,117.17245163670843
2003,38,Anhui_Lu'an,21692,14,0.0006453992255209294,0,664980.375,52420.86887359619,2951.22998046875,73157.40625,12.685413067140962,225.32312947511457,9.089720495660684,191.368184270475,210.80214146205358,3.372552381062143,31.753773065560694,116.28652963739101
2003,39,Anhui_Bozhou,10768,32,0.0029717682020802376,32,1436684.875,118661.3941192627,3623.20703125,64909.70703125,12.107432966412269,396.5229871240193,22.133590501468838,492.99251935606463,113.2252197265625,6.028018855056649,33.42234822290941,116.15788415359076
2003,40,Anhui_Chizhou,9456,4,0.00042301184433164127,0,251824.484375,14576.160907745361,910.0147705078125,16475.87109375,17.27646161213736,276.72571098431206,15.284441286417188,242.77927262476402,227.50369262695312,1.7423721545843909,30.278283798271122,117.36728775763781
2003,41,Anhui_Xuancheng,13596,10,0.0007355104442483084,0,479715.40625,36533.30087661743,2774.59130859375,30843.40234375,13.130907822157246,172.89588011184784,15.553258389057323,324.2184467378115,277.459130859375,2.2685644559980878,30.68143788152658,118.83135523192556
2004,1,Shanghai_Shanghai,6943,519,0.07475154832205098,516,35061256.0,1845229.4921875,83791.8046875,189684.546875,19.001027323942917,418.4329974841849,184.8398120860366,2736.121674381916,161.4485639450867,27.320257363531613,31.174937991002842,121.39731959211504
2004,2,Jiangsu_Nanjing,7264,147,0.020236784140969164,147,9642956.0,531924.8580932617,24512.07421875,73147.2578125,18.128417676448038,393.3961652508306,131.82935749577933,2009.6447139113318,166.74880420918367,10.06983174731553,31.935716790867197,118.82972083372556
2004,3,Jiangsu_Wuxi,4468,111,0.024843330349149508,108,5912200.0,386906.96716308594,11616.796875,60206.0234375,15.280675980972802,508.93547193920443,98.19947677058371,1843.6693483871982,104.65582770270271,13.474938101499552,31.549667157961814,120.05717776035183
2004,4,Jiangsu_Xuzhou,13482,111,0.008233199821984869,108,5122919.0,398757.7438354492,15902.1767578125,107839.546875,12.847196271914951,322.15205993627177,47.5050122932928,1029.3069955928447,143.26285367398648,7.99877962283044,34.32449774262204,117.50910738727144
2004,5,Jiangsu_Changzhou,4818,87,0.01805728518057285,83,4799080.0,301221.9047546387,10443.2578125,45406.3046875,15.932041874275734,459.5385928570841,105.69193051556888,1916.0334803450855,120.03744612068965,9.424305663657119,31.651482732547414,119.60118605513709
2004,6,Jiangsu_Suzhou,6960,138,0.019827586206896553,137,7762861.0,507863.99841308594,19733.099609375,100689.765625,15.285314620166975,393.39288574370454,77.09682261960276,1370.5464417700098,142.99347543025362,14.46692034841954,31.44195132902768,120.6975538078631
2004,7,Jiangsu_Nantong,9786,87,0.008890251379521767,80,4840393.0,311182.861328125,12952.373046875,87887.25,15.554818730508668,373.70704059267615,55.07503079229353,989.9046790063405,148.87785111350576,8.980916615573268,32.21350530807948,120.95831823942517
2004,8,Jiangsu_Lianyungang,8818,56,0.0063506464050805175,56,2665240.0,196381.03485107422,6447.48828125,56690.83984375,13.57177897560825,413.3764783645763,47.01359174331997,987.8139070499911,115.13371930803571,6.428990683119755,34.50592614189938,119.08713484257518
2004,9,Jiangsu_Huaian,9745,55,0.005643919958953309,55,2577590.0,191762.44735717773,10777.359375,59296.96875,13.441578554736358,239.1671197287137,43.46916974571318,927.5347654259308,195.95198863636364,6.084860826064649,33.39821736096465,119.0105658323877
2004,10,Jiangsu_Yancheng,17270,82,0.004748118123914302,80,3923261.75,290324.13482666016,13554.9794921875,98326.265625,13.513384797796462,289.4332486641678,39.90044496312579,833.958245833665,165.3046279535061,5.6934722423277355,33.5087075718737,120.12563476574105
2004,11,Jiangsu_Yangzhou,7233,80,0.011060417530761786,80,4061388.25,298422.9278564453,10922.9541015625,55696.15625,13.609504736022522,371.8214149978923,72.92044053758198,1436.364829933843,136.53692626953125,7.7002842872943456,32.732957136188475,119.4689330575752
2004,12,Jiangsu_Zhenjiang,4212,52,0.012345679012345678,51,2739306.0,183419.28482055664,7769.37109375,33837.5625,14.934667326175253,352.5775724889251,80.95459003585142,1536.7537185930576,149.4109825721154,8.03360933048433,32.05004877211815,119.43787168969979
2004,13,Jiangsu_Taizhou,6623,55,0.008304393779254115,48,3072483.25,201506.36672973633,8628.6494140625,56798.9453125,15.247574058644338,356.07927759733,54.0940194064453,968.3278394941588,156.88453480113637,8.576014693114903,32.59651959688939,120.01859361694291
2004,14,Jiangsu_Suqian,9405,28,0.0029771398192450825,0,1398705.5,102150.25901794434,6528.451171875,62951.1953125,13.692628030970484,214.2476773090861,22.218887076831468,444.7890125199916,233.15897042410714,6.693375365497076,33.771292490437816,118.49384829020626
2004,15,Zhejiang_Hangzhou,18384,63,0.003426892950391645,62,4069214.0,214910.9649658203,11623.5361328125,77749.265625,18.934417797840947,350.0839979765597,52.337651903062586,810.2970425966644,184.50057353670636,4.229181115372063,29.902960760769375,119.42732290731314
2004,16,Zhejiang_Ningbo,9637,147,0.015253709660682785,146,7066000.0,536627.1209716797,12653.23046875,67041.859375,13.167429904037418,558.4344660006848,105.39683812282392,2192.6599496256886,86.07639774659864,6.9567146803984645,29.726300490831505,121.40836118452712
2004,17,Zhejiang_Wenzhou,12585,130,0.010329757647993643,130,7967237.0,463415.6799316406,24375.96484375,81539.59375,17.192419991432452,326.8480673922042,97.71004040598375,1594.3174845655888,187.507421875,6.479109555025825,27.91658611468568,120.38204275052409
2004,18,Zhejiang_Jiaxing,4676,26,0.005560307955517536,0,1468276.625,88773.44131469727,4271.62353515625,42252.59375,16.539593410545336,343.7280024599107,34.749976147914,615.3468389144749,164.293212890625,9.036055121899059,30.636614355340335,120.71407290583244
2004,19,Zhejiang_Huzhou,6860,20,0.0029154518950437317,0,1064626.125,68566.29848480225,4445.51171875,29638.068359375,15.526959286506838,239.4833693744832,35.92090119001435,674.8078099250918,222.2755859375,4.320418128188775,30.72851771266912,119.84912648005557
2004,20,Zhejiang_Shaoxing,9294,29,0.0031202926619324296,0,1602370.625,101622.24769592285,5837.7431640625,49136.4765625,15.767911666298325,274.48460474662375,32.61061307401309,590.192908177145,201.30148841594828,5.286903008661502,29.707569646153477,120.60140275944579
2004,21,Zhejiang_Jinhua,12538,39,0.003110543946402935,39,2467858.5,139795.30334472656,5321.78173828125,53055.15625,17.653372044369856,463.72786810250363,46.51496055107744,735.08406640495,136.45594200721155,4.23154859227947,29.115572659438808,119.93810948166113
2004,22,Zhejiang_Quzhou,10687,12,0.0011228595489847478,0,641381.125,41678.218841552734,1318.1661376953125,25382.599609375,15.388880399095893,486.57077940220313,25.268535724099255,472.76481466334246,109.84717814127605,2.3750911957869376,28.942249141037596,118.66548294306223
2004,23,Zhejiang_Zhoushan,760,9,0.011842105263157895,0,664213.75,34822.91221618652,1823.435546875,6984.1220703125,19.07404371801097,364.26500028384777,95.10339929815692,1288.6372702814601,202.60394965277777,9.189634303042762,29.930222295487553,121.66481981690896
2004,24,Zhejiang_Taizhou,10495,59,0.00562172463077656,59,3408517.0,212120.72372436523,8000.34716796875,58795.43359375,16.068759997392377,426.0461363035332,57.97247833141804,1003.4792907160693,135.59910454184322,5.602232834087661,28.78030381964947,121.04669890427489
2004,25,Zhejiang_Lishui,19368,8,0.0004130524576621231,0,472045.125,28879.146575927734,2021.620361328125,24219.892578125,16.345535826653343,233.49840258330448,19.489975997100135,330.30699761341907,252.70254516601562,1.2505107692133932,28.192527343951202,119.47800510960715
2004,26,Anhui_Hefei,12801,91,0.007108819623466917,91,5411572.0,320254.40216064453,21660.103515625,81023.734375,16.897728691596477,249.84054190213087,66.78996027205763,1123.127694643487,238.0231155563187,6.32948475705023,31.8059561424028,117.32441610351175
2004,27,Anhui_Wuhu,6365,20,0.003142183817753339,0,1128775.125,68724.29370880127,4510.47900390625,38046.7421875,16.424688622961312,250.25615328714244,29.668115063235334,525.669186114202,225.5239501953125,5.977492880989788,31.164408878773543,118.11123309603293
2004,28,Anhui_Bengbu,6577,29,0.00440930515432568,0,1545292.625,103357.09571838379,4765.20947265625,39058.2578125,14.951006646030823,324.2863999719648,39.56378782735805,742.4806333967869,164.3175680226293,5.938613016953018,33.075971492967824,117.30712625015883
2004,29,Anhui_Huainan,2417,38,0.015721969383533305,38,2137469.25,142809.94415283203,4503.0791015625,21996.7109375,14.967229786971473,474.6683773017291,97.17222070487101,1727.5309980646964,118.5020816200658,9.100831997310715,32.70347454233038,116.81316200965705
2004,30,Anhui_Maanshan,4561,38,0.008331506248629687,38,2103340.75,135687.08419799805,3622.90380859375,27354.1875,15.501407244706884,580.5676499085477,76.89282491026283,1389.1840143305299,95.33957391036184,5.9974101074325805,31.641224731748427,118.3057299058898
2004,31,Anhui_Huaibei,3306,29,0.008771929824561403,0,1163655.0,103446.79832458496,3322.382568359375,22959.978515625,11.248825665428527,350.24714224124534,50.68188540368605,1263.0673839814167,114.56491615032327,6.944942079741379,33.66128937128523,116.76664541082641
2004,32,Anhui_Tongling,1253,8,0.006384676775738229,0,494128.84375,28843.83201599121,1689.385986328125,8481.9716796875,17.131178807172766,292.4901992492476,58.25636566711634,943.1769289159832,211.17324829101562,6.769330949471269,31.135937536114692,117.83803087401012
2004,33,Anhui_Anqing,16820,23,0.0013674197384066587,0,1247426.0,83187.88528442383,3795.87548828125,61037.9296875,14.995284418337885,328.6266906939108,20.436898931312562,376.81487753196495,165.03806470788044,3.628889993311534,30.652154436099703,116.56293238294478
2004,34,Anhui_Huangshan,11250,7,0.0006222222222222223,0,337967.78125,23826.112747192383,933.7670288085938,16554.62109375,14.184763785684066,361.9401529750068,20.415313605552452,422.8426588780559,133.3952898297991,1.471521875,29.951300817098428,118.02958050176348
2004,35,Anhui_Chuzhou,15635,31,0.001982731052126639,0,1319309.25,113492.45071411133,5477.85107421875,48424.8359375,11.624643240133688,240.84430776317876,27.24447537009273,640.1673727921445,176.70487336189515,3.0972072873361047,32.528067108118144,118.07782843365027
2004,36,Anhui_Fuyang,12558,49,0.0039018952062430325,48,2532828.75,176559.56268310547,9961.03515625,99701.875,14.345463431771174,254.2736482975657,25.40402324429706,491.465180569573,203.2864317602041,7.9393115942028984,32.89321331954427,115.68649298440187
2004,37,Anhui_Suzhou,11938,38,0.0031831127492042218,38,1511122.0,135750.35095214844,6689.67822265625,66725.203125,11.131624996922959,225.88859279990652,22.64694492078401,569.4999523465294,176.04416375411185,5.589311704221813,33.81021621747854,117.17245163670843
2004,38,Anhui_Lu'an,21692,14,0.0006453992255209294,0,664980.375,52420.86887359619,2951.22998046875,73157.40625,12.685413067140962,225.32312947511457,9.089720495660684,191.368184270475,210.80214146205358,3.372552381062143,31.753773065560694,116.28652963739101
2004,39,Anhui_Bozhou,10768,32,0.0029717682020802376,32,1436684.875,118661.3941192627,3623.20703125,64909.70703125,12.107432966412269,396.5229871240193,22.133590501468838,492.99251935606463,113.2252197265625,6.028018855056649,33.42234822290941,116.15788415359076
2004,40,Anhui_Chizhou,9456,4,0.00042301184433164127,0,251824.484375,14576.160907745361,910.0147705078125,16475.87109375,17.27646161213736,276.72571098431206,15.284441286417188,242.77927262476402,227.50369262695312,1.7423721545843909,30.278283798271122,117.36728775763781
2004,41,Anhui_Xuancheng,13596,10,0.0007355104442483084,0,479715.40625,36533.30087661743,2774.59130859375,30843.40234375,13.130907822157246,172.89588011184784,15.553258389057323,324.2184467378115,277.459130859375,2.2685644559980878,30.68143788152658,118.83135523192556
2005,1,Shanghai_Shanghai,6943,556,0.08008065677660954,556,37113172.0,1977237.548828125,99841.296875,224669.578125,18.77021404028886,371.72165388101087,165.19001953771973,2474.74537781282,179.57067783273382,32.35914995319026,31.174937991002842,121.39731959211504
2005,2,Jiangsu_Nanjing,7264,166,0.022852422907488987,166,10635770.0,597030.2200317383,28799.56640625,83357.40625,17.814458369351218,369.30312942808246,127.59238175072176,1991.4247271819354,173.49136389307228,11.475413856002202,31.935716790867197,118.82972083372556
2005,3,Jiangsu_Wuxi,4468,139,0.031110116383169205,137,7280208.0,480825.1953125,14147.369140625,67304.5234375,15.141070124805784,514.5980095404775,108.16818288239588,2065.2400893838512,101.77963410521583,15.06368026801701,31.549667157961814,120.05717776035183
2005,4,Jiangsu_Xuzhou,13482,123,0.009123275478415665,123,5595681.0,441192.39807128906,15864.93359375,106248.5390625,12.683085711499125,352.7074958702898,52.66595709808657,1157.662976689459,128.983199949187,7.880769845905652,34.32449774262204,117.50910738727144
2005,5,Jiangsu_Changzhou,4818,106,0.022000830220008302,106,5698736.5,365648.6511230469,11978.72265625,50128.16015625,15.58527970087405,475.73824551540446,113.68333651658027,2114.579902186653,113.00681751179245,10.404350385273972,31.651482732547414,119.60118605513709
2005,6,Jiangsu_Suzhou,6960,166,0.02385057471264368,165,9134005.0,605399.5513916016,21782.01171875,112142.0234375,15.087564863575007,419.3370712466117,81.4503316420953,1480.2657818325938,131.21693806475903,16.112359689295978,31.44195132902768,120.6975538078631
2005,7,Jiangsu_Nantong,9786,104,0.010627426936439812,104,5614125.0,370378.72314453125,13098.0390625,87414.640625,15.15779565396154,428.6233208811672,64.22408145660668,1189.7320546812007,125.94268329326923,8.93262217708972,32.21350530807948,120.95831823942517
2005,8,Jiangsu_Lianyungang,8818,59,0.006690859605352688,59,2777393.75,207922.36328125,6522.5029296875,55864.24609375,13.357840427405625,425.81717171157607,49.71683937771301,1056.1316785871888,110.55089711334746,6.335251314782264,34.50592614189938,119.08713484257518
2005,9,Jiangsu_Huaian,9745,60,0.0061570035915854285,60,2855819.0,209654.96063232422,10825.259765625,58582.234375,13.621518858350806,263.8106670722574,48.74889171551849,1024.2012896934677,180.42099609375,6.0115171241662395,33.39821736096465,119.0105658323877
2005,10,Jiangsu_Yancheng,17270,91,0.005269253039953677,91,4308902.0,323533.1726074219,12900.8037109375,94297.25,13.318269546438323,334.00260143070363,45.69488505762363,965.0334447717192,141.76707374656593,5.460176606832658,33.5087075718737,120.12563476574105
2005,11,Jiangsu_Yangzhou,7233,96,0.013272501036914143,96,4712926.0,351876.60217285156,11781.7265625,55214.7890625,13.393689636928118,400.01997797171333,85.35622575077188,1738.664615585753,122.726318359375,7.6337327613023644,32.732957136188475,119.4689330575752
2005,12,Jiangsu_Zhenjiang,4212,57,0.013532763532763533,56,3017835.25,203892.19284057617,8203.7724609375,35479.734375,14.80113195094063,367.859452997936,85.05800009952864,1606.550922775898,143.92583264802633,8.423488693019943,32.05004877211815,119.43787168969979
2005,13,Jiangsu_Taizhou,6623,72,0.010871206401932659,70,3718392.5,257898.40698242188,9134.34765625,56513.4375,14.418051447108947,407.07805745227597,65.79660810758503,1274.0332774837843,126.86593967013889,8.532906160350294,32.59651959688939,120.01859361694291
2005,14,Jiangsu_Suqian,9405,36,0.003827751196172249,36,1748249.875,128214.34020996094,6396.01318359375,61039.1640625,13.635369274116336,273.3343138635785,28.641445240139753,589.7852723398771,177.66703287760416,6.490075923710792,33.771292490437816,118.49384829020626
2005,15,Zhejiang_Hangzhou,18384,78,0.004242819843342037,78,4810854.5,264761.31439208984,13841.76953125,87703.9140625,18.1705341320202,347.56065610966357,54.853361465392126,889.355974972967,177.45858373397436,4.770665473373586,29.902960760769375,119.42732290731314
2005,16,Zhejiang_Ningbo,9637,174,0.01805541143509391,174,8274074.5,637110.0616455078,14879.9267578125,75555.7109375,12.9868840536437,556.0561308311421,109.50958434954505,2302.9364404225316,85.51682044719827,7.8401692370551,29.726300490831505,121.40836118452712
2005,17,Zhejiang_Wenzhou,12585,142,0.011283273738577671,141,8696172.0,508382.60650634766,27375.0625,89487.7578125,17.105565549854074,317.6676582930176,97.1772252716481,1586.8092292302902,192.78213028169014,7.110668082042114,27.91658611468568,120.38204275052409
2005,18,Zhejiang_Jiaxing,4676,33,0.007057313943541489,33,1826597.625,111251.7261505127,5279.58251953125,47406.05078125,16.41860030583968,345.9738754423665,38.53089626530237,696.1136702205984,159.98734907670453,10.138163126871257,30.636614355340335,120.71407290583244
2005,19,Zhejiang_Huzhou,6860,25,0.0036443148688046646,0,1333358.0,85390.34843444824,4621.5048828125,31144.64453125,15.614856063312368,288.5116501680641,42.81179060053588,802.7062236949095,184.8601953125,4.54003564595481,30.72851771266912,119.84912648005557
2005,20,Zhejiang_Shaoxing,9294,35,0.0037658704540563803,35,1841337.75,121861.07635498047,6345.6787109375,52764.19140625,15.110138569892456,290.1719160199908,34.89748825719502,663.3286527698821,181.30510602678572,5.67723169854207,29.707569646153477,120.60140275944579
2005,21,Zhejiang_Jinhua,12538,51,0.004067634391449992,51,3162332.0,179422.96981811523,6634.5078125,57677.8203125,17.62501202162533,476.64907320508183,54.82752265717392,884.2220410494123,130.08838848039215,4.600240892686234,29.115572659438808,119.93810948166113
2005,22,Zhejiang_Quzhou,10687,14,0.0013100028071488725,0,715318.75,48794.69394683838,1242.8011474609375,25486.046875,14.659765071573906,575.5697534246791,28.067073466057103,549.3201856162716,88.77151053292411,2.3847709249555535,28.942249141037596,118.66548294306223
2005,23,Zhejiang_Zhoushan,760,12,0.015789473684210527,0,793624.8125,44388.65661621094,2230.366943359375,7302.2783203125,17.87900046991205,355.82701530925834,108.68180829158494,1643.322737592733,185.8639119466146,9.608260947779605,29.930222295487553,121.66481981690896
2005,24,Zhejiang_Taizhou,10495,73,0.006955693187232015,73,4146206.75,260509.52911376953,9681.318359375,62347.4609375,15.915758491081037,428.2688158875573,66.50161350044954,1170.8576243895257,132.62079944349315,5.94068231896141,28.78030381964947,121.04669890427489
2005,25,Zhejiang_Lishui,19368,10,0.0005163155720776538,0,579138.125,35398.83852005005,2191.08984375,23985.9453125,16.36037082606464,264.31509718872064,24.144894747933442,416.91081463396046,219.108984375,1.2384317075846758,28.192527343951202,119.47800510960715
2005,26,Anhui_Hefei,12801,103,0.008046246387001016,103,6003602.5,362171.3638305664,24325.783203125,86177.328125,16.57669020681781,246.79996733789645,69.66568389416517,1195.209949542631,236.17265245752426,6.732077816186235,31.8059561424028,117.32441610351175
2005,27,Anhui_Wuhu,6365,21,0.0032992930086410055,0,1188984.875,73232.43618011475,4514.8583984375,38598.46875,16.235768424741444,263.34931687148446,30.80393895159377,544.0630335886058,214.99325706845238,6.064174194815397,31.164408878773543,118.11123309603293
2005,28,Anhui_Bengbu,6577,32,0.004865440170290406,31,1689340.0,113951.85470581055,4791.64404296875,38207.0078125,14.825032943617884,352.5595776420276,44.21544885928772,837.5426873792173,149.73887634277344,5.809184706173027,33.075971492967824,117.30712625015883
2005,29,Anhui_Huainan,2417,40,0.016549441456350848,40,2234710.0,150567.87490844727,4824.1181640625,23343.70703125,14.841877800020852,463.23699461749914,95.73072507328912,1713.5239037421254,120.6029541015625,9.658132822196938,32.70347454233038,116.81316200965705
2005,30,Anhui_Maanshan,4561,43,0.009427757070817803,43,2433529.0,154542.3412322998,4049.2880859375,27348.08984375,15.746681334030322,600.9769985127111,88.98350904592142,1572.3218786275493,94.16949037063954,5.996073195297084,31.641224731748427,118.3057299058898
2005,31,Anhui_Huaibei,3306,32,0.009679370840895343,32,1269264.25,113971.64344787598,3580.0703125,24209.4765625,11.136667083163434,354.53612337397357,52.42840532810467,1321.7964427024153,111.877197265625,7.322890672262553,33.66128937128523,116.76664541082641
2005,32,Anhui_Tongling,1253,9,0.007182761372705506,0,541031.875,32148.81658554077,1790.08935546875,8733.9423828125,16.828982602219146,302.2373566700117,61.94589468150088,1030.4624882471257,198.89881727430554,6.970424886522347,31.135937536114692,117.83803087401012
2005,33,Anhui_Anqing,16820,25,0.0014863258026159335,0,1339716.5,91148.89144897461,3713.432373046875,61566.59375,14.698110736212046,360.77579053924205,21.76044537139916,406.06436830850333,148.537294921875,3.6603206747919144,30.652154436099703,116.56293238294478
2005,34,Anhui_Huangshan,11250,9,0.0008,0,438201.1875,30416.11671447754,1062.23291015625,16459.91796875,14.40687486879033,412.52834788892244,26.622319037795176,546.7827978904246,118.02587890625,1.4631038194444443,29.951300817098428,118.02958050176348
2005,35,Anhui_Chuzhou,15635,36,0.0023025263831148064,36,1503015.625,131022.52006530762,5420.47314453125,47878.58984375,11.471429676751969,277.2849500262541,31.392228340580534,751.9018441747065,150.56869845920139,3.06226989726575,32.528067108118144,118.07782843365027
2005,36,Anhui_Fuyang,12558,54,0.004300047778308648,54,2781961.25,194624.78637695312,9388.078125,96739.921875,14.293972015526546,296.3291541632756,28.75711698004718,558.1976804754371,173.85329861111111,7.703449743191591,32.89321331954427,115.68649298440187
2005,37,Anhui_Suzhou,11938,44,0.0036857094990785724,44,1707702.125,155886.89804077148,6694.0458984375,65669.75,10.954750825520684,255.10762114711608,26.004395098199705,670.0193011241857,152.13740678267047,5.500900485843525,33.81021621747854,117.17245163670843
2005,38,Anhui_Lu'an,21692,16,0.0007375991148810622,0,731994.5,59218.16825866699,2784.11181640625,70974.34375,12.360978421396334,262.91849906548055,10.31350853455408,225.43357436820258,174.00698852539062,3.2719133205790154,31.753773065560694,116.28652963739101
2005,39,Anhui_Bozhou,10768,34,0.0031575037147102527,34,1544989.25,126789.63661193848,3610.097900390625,63118.59375,12.185453727016395,427.9632554654063,24.477561336670306,538.6685282417275,106.17935001148896,5.861682183320951,33.42234822290941,116.15788415359076
2005,40,Anhui_Chizhou,9456,4,0.00042301184433164127,0,252932.15625,14646.315574645996,821.1168212890625,16547.41796875,17.269336780360437,308.0343133793368,15.285294462717111,241.72955608869302,205.27920532226562,1.7499384484718696,30.278283798271122,117.36728775763781
2005,41,Anhui_Xuancheng,13596,14,0.0010297146219476316,0,653415.3125,49756.06918334961,3099.4775390625,30158.826171875,13.13237406460274,210.81466287948606,21.665807176187474,464.2090484627641,221.39125279017858,2.218213163568329,30.68143788152658,118.83135523192556
2006,1,Shanghai_Shanghai,6943,556,0.08008065677660954,551,37113172.0,1977237.548828125,99841.296875,224669.578125,18.77021404028886,371.72165388101087,165.19001953771973,2474.74537781282,179.57067783273382,32.35914995319026,31.174937991002842,121.39731959211504
2006,2,Jiangsu_Nanjing,7264,166,0.022852422907488987,166,10635770.0,597030.2200317383,28799.56640625,83357.40625,17.814458369351218,369.30312942808246,127.59238175072176,1991.4247271819354,173.49136389307228,11.475413856002202,31.935716790867197,118.82972083372556
2006,3,Jiangsu_Wuxi,4468,139,0.031110116383169205,134,7280208.0,480825.1953125,14147.369140625,67304.5234375,15.141070124805784,514.5980095404775,108.16818288239588,2065.2400893838512,101.77963410521583,15.06368026801701,31.549667157961814,120.05717776035183
2006,4,Jiangsu_Xuzhou,13482,123,0.009123275478415665,123,5595681.0,441192.39807128906,15864.93359375,106248.5390625,12.683085711499125,352.7074958702898,52.66595709808657,1157.662976689459,128.983199949187,7.880769845905652,34.32449774262204,117.50910738727144
2006,5,Jiangsu_Changzhou,4818,106,0.022000830220008302,105,5698736.5,365648.6511230469,11978.72265625,50128.16015625,15.58527970087405,475.73824551540446,113.68333651658027,2114.579902186653,113.00681751179245,10.404350385273972,31.651482732547414,119.60118605513709
2006,6,Jiangsu_Suzhou,6960,166,0.02385057471264368,163,9134005.0,605399.5513916016,21782.01171875,112142.0234375,15.087564863575007,419.3370712466117,81.4503316420953,1480.2657818325938,131.21693806475903,16.112359689295978,31.44195132902768,120.6975538078631
2006,7,Jiangsu_Nantong,9786,104,0.010627426936439812,98,5614125.0,370378.72314453125,13098.0390625,87414.640625,15.15779565396154,428.6233208811672,64.22408145660668,1189.7320546812007,125.94268329326923,8.93262217708972,32.21350530807948,120.95831823942517
2006,8,Jiangsu_Lianyungang,8818,59,0.006690859605352688,59,2777393.75,207922.36328125,6522.5029296875,55864.24609375,13.357840427405625,425.81717171157607,49.71683937771301,1056.1316785871888,110.55089711334746,6.335251314782264,34.50592614189938,119.08713484257518
2006,9,Jiangsu_Huaian,9745,60,0.0061570035915854285,60,2855819.0,209654.96063232422,10825.259765625,58582.234375,13.621518858350806,263.8106670722574,48.74889171551849,1024.2012896934677,180.42099609375,6.0115171241662395,33.39821736096465,119.0105658323877
2006,10,Jiangsu_Yancheng,17270,91,0.005269253039953677,91,4308902.0,323533.1726074219,12900.8037109375,94297.25,13.318269546438323,334.00260143070363,45.69488505762363,965.0334447717192,141.76707374656593,5.460176606832658,33.5087075718737,120.12563476574105
2006,11,Jiangsu_Yangzhou,7233,96,0.013272501036914143,95,4712926.0,351876.60217285156,11781.7265625,55214.7890625,13.393689636928118,400.01997797171333,85.35622575077188,1738.664615585753,122.726318359375,7.6337327613023644,32.732957136188475,119.4689330575752
2006,12,Jiangsu_Zhenjiang,4212,57,0.013532763532763533,57,3017835.25,203892.19284057617,8203.7724609375,35479.734375,14.80113195094063,367.859452997936,85.05800009952864,1606.550922775898,143.92583264802633,8.423488693019943,32.05004877211815,119.43787168969979
2006,13,Jiangsu_Taizhou,6623,72,0.010871206401932659,70,3718392.5,257898.40698242188,9134.34765625,56513.4375,14.418051447108947,407.07805745227597,65.79660810758503,1274.0332774837843,126.86593967013889,8.532906160350294,32.59651959688939,120.01859361694291
2006,14,Jiangsu_Suqian,9405,36,0.003827751196172249,35,1748249.875,128214.34020996094,6396.01318359375,61039.1640625,13.635369274116336,273.3343138635785,28.641445240139753,589.7852723398771,177.66703287760416,6.490075923710792,33.771292490437816,118.49384829020626
2006,15,Zhejiang_Hangzhou,18384,78,0.004242819843342037,76,4810854.5,264761.31439208984,13841.76953125,87703.9140625,18.1705341320202,347.56065610966357,54.853361465392126,889.355974972967,177.45858373397436,4.770665473373586,29.902960760769375,119.42732290731314
2006,16,Zhejiang_Ningbo,9637,174,0.01805541143509391,171,8274074.5,637110.0616455078,14879.9267578125,75555.7109375,12.9868840536437,556.0561308311421,109.50958434954505,2302.9364404225316,85.51682044719827,7.8401692370551,29.726300490831505,121.40836118452712
2006,17,Zhejiang_Wenzhou,12585,142,0.011283273738577671,141,8696172.0,508382.60650634766,27375.0625,89487.7578125,17.105565549854074,317.6676582930176,97.1772252716481,1586.8092292302902,192.78213028169014,7.110668082042114,27.91658611468568,120.38204275052409
2006,18,Zhejiang_Jiaxing,4676,33,0.007057313943541489,30,1826597.625,111251.7261505127,5279.58251953125,47406.05078125,16.41860030583968,345.9738754423665,38.53089626530237,696.1136702205984,159.98734907670453,10.138163126871257,30.636614355340335,120.71407290583244
2006,19,Zhejiang_Huzhou,6860,25,0.0036443148688046646,0,1333358.0,85390.34843444824,4621.5048828125,31144.64453125,15.614856063312368,288.5116501680641,42.81179060053588,802.7062236949095,184.8601953125,4.54003564595481,30.72851771266912,119.84912648005557
2006,20,Zhejiang_Shaoxing,9294,35,0.0037658704540563803,34,1841337.75,121861.07635498047,6345.6787109375,52764.19140625,15.110138569892456,290.1719160199908,34.89748825719502,663.3286527698821,181.30510602678572,5.67723169854207,29.707569646153477,120.60140275944579
2006,21,Zhejiang_Jinhua,12538,51,0.004067634391449992,50,3162332.0,179422.96981811523,6634.5078125,57677.8203125,17.62501202162533,476.64907320508183,54.82752265717392,884.2220410494123,130.08838848039215,4.600240892686234,29.115572659438808,119.93810948166113
2006,22,Zhejiang_Quzhou,10687,14,0.0013100028071488725,0,715318.75,48794.69394683838,1242.8011474609375,25486.046875,14.659765071573906,575.5697534246791,28.067073466057103,549.3201856162716,88.77151053292411,2.3847709249555535,28.942249141037596,118.66548294306223
2006,23,Zhejiang_Zhoushan,760,12,0.015789473684210527,0,793624.8125,44388.65661621094,2230.366943359375,7302.2783203125,17.87900046991205,355.82701530925834,108.68180829158494,1643.322737592733,185.8639119466146,9.608260947779605,29.930222295487553,121.66481981690896
2006,24,Zhejiang_Taizhou,10495,73,0.006955693187232015,73,4146206.75,260509.52911376953,9681.318359375,62347.4609375,15.915758491081037,428.2688158875573,66.50161350044954,1170.8576243895257,132.62079944349315,5.94068231896141,28.78030381964947,121.04669890427489
2006,25,Zhejiang_Lishui,19368,10,0.0005163155720776538,0,579138.125,35398.83852005005,2191.08984375,23985.9453125,16.36037082606464,264.31509718872064,24.144894747933442,416.91081463396046,219.108984375,1.2384317075846758,28.192527343951202,119.47800510960715
2006,26,Anhui_Hefei,12801,103,0.008046246387001016,103,6003602.5,362171.3638305664,24325.783203125,86177.328125,16.57669020681781,246.79996733789645,69.66568389416517,1195.209949542631,236.17265245752426,6.732077816186235,31.8059561424028,117.32441610351175
2006,27,Anhui_Wuhu,6365,21,0.0032992930086410055,0,1188984.875,73232.43618011475,4514.8583984375,38598.46875,16.235768424741444,263.34931687148446,30.80393895159377,544.0630335886058,214.99325706845238,6.064174194815397,31.164408878773543,118.11123309603293
2006,28,Anhui_Bengbu,6577,32,0.004865440170290406,31,1689340.0,113951.85470581055,4791.64404296875,38207.0078125,14.825032943617884,352.5595776420276,44.21544885928772,837.5426873792173,149.73887634277344,5.809184706173027,33.075971492967824,117.30712625015883
2006,29,Anhui_Huainan,2417,40,0.016549441456350848,40,2234710.0,150567.87490844727,4824.1181640625,23343.70703125,14.841877800020852,463.23699461749914,95.73072507328912,1713.5239037421254,120.6029541015625,9.658132822196938,32.70347454233038,116.81316200965705
2006,30,Anhui_Maanshan,4561,43,0.009427757070817803,43,2433529.0,154542.3412322998,4049.2880859375,27348.08984375,15.746681334030322,600.9769985127111,88.98350904592142,1572.3218786275493,94.16949037063954,5.996073195297084,31.641224731748427,118.3057299058898
2006,31,Anhui_Huaibei,3306,32,0.009679370840895343,32,1269264.25,113971.64344787598,3580.0703125,24209.4765625,11.136667083163434,354.53612337397357,52.42840532810467,1321.7964427024153,111.877197265625,7.322890672262553,33.66128937128523,116.76664541082641
2006,32,Anhui_Tongling,1253,9,0.007182761372705506,0,541031.875,32148.81658554077,1790.08935546875,8733.9423828125,16.828982602219146,302.2373566700117,61.94589468150088,1030.4624882471257,198.89881727430554,6.970424886522347,31.135937536114692,117.83803087401012
2006,33,Anhui_Anqing,16820,25,0.0014863258026159335,0,1339716.5,91148.89144897461,3713.432373046875,61566.59375,14.698110736212046,360.77579053924205,21.76044537139916,406.06436830850333,148.537294921875,3.6603206747919144,30.652154436099703,116.56293238294478
2006,34,Anhui_Huangshan,11250,9,0.0008,0,438201.1875,30416.11671447754,1062.23291015625,16459.91796875,14.40687486879033,412.52834788892244,26.622319037795176,546.7827978904246,118.02587890625,1.4631038194444443,29.951300817098428,118.02958050176348
2006,35,Anhui_Chuzhou,15635,36,0.0023025263831148064,35,1503015.625,131022.52006530762,5420.47314453125,47878.58984375,11.471429676751969,277.2849500262541,31.392228340580534,751.9018441747065,150.56869845920139,3.06226989726575,32.528067108118144,118.07782843365027
2006,36,Anhui_Fuyang,12558,54,0.004300047778308648,52,2781961.25,194624.78637695312,9388.078125,96739.921875,14.293972015526546,296.3291541632756,28.75711698004718,558.1976804754371,173.85329861111111,7.703449743191591,32.89321331954427,115.68649298440187
2006,37,Anhui_Suzhou,11938,44,0.0036857094990785724,44,1707702.125,155886.89804077148,6694.0458984375,65669.75,10.954750825520684,255.10762114711608,26.004395098199705,670.0193011241857,152.13740678267047,5.500900485843525,33.81021621747854,117.17245163670843
2006,38,Anhui_Lu'an,21692,16,0.0007375991148810622,0,731994.5,59218.16825866699,2784.11181640625,70974.34375,12.360978421396334,262.91849906548055,10.31350853455408,225.43357436820258,174.00698852539062,3.2719133205790154,31.753773065560694,116.28652963739101
2006,39,Anhui_Bozhou,10768,34,0.0031575037147102527,34,1544989.25,126789.63661193848,3610.097900390625,63118.59375,12.185453727016395,427.9632554654063,24.477561336670306,538.6685282417275,106.17935001148896,5.861682183320951,33.42234822290941,116.15788415359076
2006,40,Anhui_Chizhou,9456,4,0.00042301184433164127,0,252932.15625,14646.315574645996,821.1168212890625,16547.41796875,17.269336780360437,308.0343133793368,15.285294462717111,241.72955608869302,205.27920532226562,1.7499384484718696,30.278283798271122,117.36728775763781
2006,41,Anhui_Xuancheng,13596,14,0.0010297146219476316,0,653415.3125,49756.06918334961,3099.4775390625,30158.826171875,13.13237406460274,210.81466287948606,21.665807176187474,464.2090484627641,221.39125279017858,2.218213163568329,30.68143788152658,118.83135523192556
2007,1,Shanghai_Shanghai,6943,556,0.08008065677660954,553,37113172.0,1977237.548828125,99841.296875,224669.578125,18.77021404028886,371.72165388101087,165.19001953771973,2474.74537781282,179.57067783273382,32.35914995319026,31.174937991002842,121.39731959211504
2007,2,Jiangsu_Nanjing,7264,166,0.022852422907488987,166,10635770.0,597030.2200317383,28799.56640625,83357.40625,17.814458369351218,369.30312942808246,127.59238175072176,1991.4247271819354,173.49136389307228,11.475413856002202,31.935716790867197,118.82972083372556
2007,3,Jiangsu_Wuxi,4468,139,0.031110116383169205,137,7280208.0,480825.1953125,14147.369140625,67304.5234375,15.141070124805784,514.5980095404775,108.16818288239588,2065.2400893838512,101.77963410521583,15.06368026801701,31.549667157961814,120.05717776035183
2007,4,Jiangsu_Xuzhou,13482,123,0.009123275478415665,123,5595681.0,441192.39807128906,15864.93359375,106248.5390625,12.683085711499125,352.7074958702898,52.66595709808657,1157.662976689459,128.983199949187,7.880769845905652,34.32449774262204,117.50910738727144
2007,5,Jiangsu_Changzhou,4818,106,0.022000830220008302,104,5698736.5,365648.6511230469,11978.72265625,50128.16015625,15.58527970087405,475.73824551540446,113.68333651658027,2114.579902186653,113.00681751179245,10.404350385273972,31.651482732547414,119.60118605513709
2007,6,Jiangsu_Suzhou,6960,166,0.02385057471264368,164,9134005.0,605399.5513916016,21782.01171875,112142.0234375,15.087564863575007,419.3370712466117,81.4503316420953,1480.2657818325938,131.21693806475903,16.112359689295978,31.44195132902768,120.6975538078631
2007,7,Jiangsu_Nantong,9786,104,0.010627426936439812,101,5614125.0,370378.72314453125,13098.0390625,87414.640625,15.15779565396154,428.6233208811672,64.22408145660668,1189.7320546812007,125.94268329326923,8.93262217708972,32.21350530807948,120.95831823942517
2007,8,Jiangsu_Lianyungang,8818,59,0.006690859605352688,59,2777393.75,207922.36328125,6522.5029296875,55864.24609375,13.357840427405625,425.81717171157607,49.71683937771301,1056.1316785871888,110.55089711334746,6.335251314782264,34.50592614189938,119.08713484257518
2007,9,Jiangsu_Huaian,9745,60,0.0061570035915854285,60,2855819.0,209654.96063232422,10825.259765625,58582.234375,13.621518858350806,263.8106670722574,48.74889171551849,1024.2012896934677,180.42099609375,6.0115171241662395,33.39821736096465,119.0105658323877
2007,10,Jiangsu_Yancheng,17270,91,0.005269253039953677,90,4308902.0,323533.1726074219,12900.8037109375,94297.25,13.318269546438323,334.00260143070363,45.69488505762363,965.0334447717192,141.76707374656593,5.460176606832658,33.5087075718737,120.12563476574105
2007,11,Jiangsu_Yangzhou,7233,96,0.013272501036914143,96,4712926.0,351876.60217285156,11781.7265625,55214.7890625,13.393689636928118,400.01997797171333,85.35622575077188,1738.664615585753,122.726318359375,7.6337327613023644,32.732957136188475,119.4689330575752
2007,12,Jiangsu_Zhenjiang,4212,57,0.013532763532763533,57,3017835.25,203892.19284057617,8203.7724609375,35479.734375,14.80113195094063,367.859452997936,85.05800009952864,1606.550922775898,143.92583264802633,8.423488693019943,32.05004877211815,119.43787168969979
2007,13,Jiangsu_Taizhou,6623,72,0.010871206401932659,68,3718392.5,257898.40698242188,9134.34765625,56513.4375,14.418051447108947,407.07805745227597,65.79660810758503,1274.0332774837843,126.86593967013889,8.532906160350294,32.59651959688939,120.01859361694291
2007,14,Jiangsu_Suqian,9405,36,0.003827751196172249,36,1748249.875,128214.34020996094,6396.01318359375,61039.1640625,13.635369274116336,273.3343138635785,28.641445240139753,589.7852723398771,177.66703287760416,6.490075923710792,33.771292490437816,118.49384829020626
2007,15,Zhejiang_Hangzhou,18384,78,0.004242819843342037,76,4810854.5,264761.31439208984,13841.76953125,87703.9140625,18.1705341320202,347.56065610966357,54.853361465392126,889.355974972967,177.45858373397436,4.770665473373586,29.902960760769375,119.42732290731314
2007,16,Zhejiang_Ningbo,9637,174,0.01805541143509391,170,8274074.5,637110.0616455078,14879.9267578125,75555.7109375,12.9868840536437,556.0561308311421,109.50958434954505,2302.9364404225316,85.51682044719827,7.8401692370551,29.726300490831505,121.40836118452712
2007,17,Zhejiang_Wenzhou,12585,142,0.011283273738577671,141,8696172.0,508382.60650634766,27375.0625,89487.7578125,17.105565549854074,317.6676582930176,97.1772252716481,1586.8092292302902,192.78213028169014,7.110668082042114,27.91658611468568,120.38204275052409
2007,18,Zhejiang_Jiaxing,4676,33,0.007057313943541489,32,1826597.625,111251.7261505127,5279.58251953125,47406.05078125,16.41860030583968,345.9738754423665,38.53089626530237,696.1136702205984,159.98734907670453,10.138163126871257,30.636614355340335,120.71407290583244
2007,19,Zhejiang_Huzhou,6860,25,0.0036443148688046646,0,1333358.0,85390.34843444824,4621.5048828125,31144.64453125,15.614856063312368,288.5116501680641,42.81179060053588,802.7062236949095,184.8601953125,4.54003564595481,30.72851771266912,119.84912648005557
2007,20,Zhejiang_Shaoxing,9294,35,0.0037658704540563803,35,1841337.75,121861.07635498047,6345.6787109375,52764.19140625,15.110138569892456,290.1719160199908,34.89748825719502,663.3286527698821,181.30510602678572,5.67723169854207,29.707569646153477,120.60140275944579
2007,21,Zhejiang_Jinhua,12538,51,0.004067634391449992,50,3162332.0,179422.96981811523,6634.5078125,57677.8203125,17.62501202162533,476.64907320508183,54.82752265717392,884.2220410494123,130.08838848039215,4.600240892686234,29.115572659438808,119.93810948166113
2007,22,Zhejiang_Quzhou,10687,14,0.0013100028071488725,0,715318.75,48794.69394683838,1242.8011474609375,25486.046875,14.659765071573906,575.5697534246791,28.067073466057103,549.3201856162716,88.77151053292411,2.3847709249555535,28.942249141037596,118.66548294306223
2007,23,Zhejiang_Zhoushan,760,12,0.015789473684210527,0,793624.8125,44388.65661621094,2230.366943359375,7302.2783203125,17.87900046991205,355.82701530925834,108.68180829158494,1643.322737592733,185.8639119466146,9.608260947779605,29.930222295487553,121.66481981690896
2007,24,Zhejiang_Taizhou,10495,73,0.006955693187232015,73,4146206.75,260509.52911376953,9681.318359375,62347.4609375,15.915758491081037,428.2688158875573,66.50161350044954,1170.8576243895257,132.62079944349315,5.94068231896141,28.78030381964947,121.04669890427489
2007,25,Zhejiang_Lishui,19368,10,0.0005163155720776538,0,579138.125,35398.83852005005,2191.08984375,23985.9453125,16.36037082606464,264.31509718872064,24.144894747933442,416.91081463396046,219.108984375,1.2384317075846758,28.192527343951202,119.47800510960715
2007,26,Anhui_Hefei,12801,103,0.008046246387001016,102,6003602.5,362171.3638305664,24325.783203125,86177.328125,16.57669020681781,246.79996733789645,69.66568389416517,1195.209949542631,236.17265245752426,6.732077816186235,31.8059561424028,117.32441610351175
2007,27,Anhui_Wuhu,6365,21,0.0032992930086410055,0,1188984.875,73232.43618011475,4514.8583984375,38598.46875,16.235768424741444,263.34931687148446,30.80393895159377,544.0630335886058,214.99325706845238,6.064174194815397,31.164408878773543,118.11123309603293
2007,28,Anhui_Bengbu,6577,32,0.004865440170290406,30,1689340.0,113951.85470581055,4791.64404296875,38207.0078125,14.825032943617884,352.5595776420276,44.21544885928772,837.5426873792173,149.73887634277344,5.809184706173027,33.075971492967824,117.30712625015883
2007,29,Anhui_Huainan,2417,40,0.016549441456350848,40,2234710.0,150567.87490844727,4824.1181640625,23343.70703125,14.841877800020852,463.23699461749914,95.73072507328912,1713.5239037421254,120.6029541015625,9.658132822196938,32.70347454233038,116.81316200965705
2007,30,Anhui_Maanshan,4561,43,0.009427757070817803,43,2433529.0,154542.3412322998,4049.2880859375,27348.08984375,15.746681334030322,600.9769985127111,88.98350904592142,1572.3218786275493,94.16949037063954,5.996073195297084,31.641224731748427,118.3057299058898
2007,31,Anhui_Huaibei,3306,32,0.009679370840895343,32,1269264.25,113971.64344787598,3580.0703125,24209.4765625,11.136667083163434,354.53612337397357,52.42840532810467,1321.7964427024153,111.877197265625,7.322890672262553,33.66128937128523,116.76664541082641
2007,32,Anhui_Tongling,1253,9,0.007182761372705506,0,541031.875,32148.81658554077,1790.08935546875,8733.9423828125,16.828982602219146,302.2373566700117,61.94589468150088,1030.4624882471257,198.89881727430554,6.970424886522347,31.135937536114692,117.83803087401012
2007,33,Anhui_Anqing,16820,25,0.0014863258026159335,0,1339716.5,91148.89144897461,3713.432373046875,61566.59375,14.698110736212046,360.77579053924205,21.76044537139916,406.06436830850333,148.537294921875,3.6603206747919144,30.652154436099703,116.56293238294478
2007,34,Anhui_Huangshan,11250,9,0.0008,0,438201.1875,30416.11671447754,1062.23291015625,16459.91796875,14.40687486879033,412.52834788892244,26.622319037795176,546.7827978904246,118.02587890625,1.4631038194444443,29.951300817098428,118.02958050176348
2007,35,Anhui_Chuzhou,15635,36,0.0023025263831148064,35,1503015.625,131022.52006530762,5420.47314453125,47878.58984375,11.471429676751969,277.2849500262541,31.392228340580534,751.9018441747065,150.56869845920139,3.06226989726575,32.528067108118144,118.07782843365027
2007,36,Anhui_Fuyang,12558,54,0.004300047778308648,53,2781961.25,194624.78637695312,9388.078125,96739.921875,14.293972015526546,296.3291541632756,28.75711698004718,558.1976804754371,173.85329861111111,7.703449743191591,32.89321331954427,115.68649298440187
2007,37,Anhui_Suzhou,11938,44,0.0036857094990785724,44,1707702.125,155886.89804077148,6694.0458984375,65669.75,10.954750825520684,255.10762114711608,26.004395098199705,670.0193011241857,152.13740678267047,5.500900485843525,33.81021621747854,117.17245163670843
2007,38,Anhui_Lu'an,21692,16,0.0007375991148810622,0,731994.5,59218.16825866699,2784.11181640625,70974.34375,12.360978421396334,262.91849906548055,10.31350853455408,225.43357436820258,174.00698852539062,3.2719133205790154,31.753773065560694,116.28652963739101
2007,39,Anhui_Bozhou,10768,34,0.0031575037147102527,34,1544989.25,126789.63661193848,3610.097900390625,63118.59375,12.185453727016395,427.9632554654063,24.477561336670306,538.6685282417275,106.17935001148896,5.861682183320951,33.42234822290941,116.15788415359076
2007,40,Anhui_Chizhou,9456,4,0.00042301184433164127,0,252932.15625,14646.315574645996,821.1168212890625,16547.41796875,17.269336780360437,308.0343133793368,15.285294462717111,241.72955608869302,205.27920532226562,1.7499384484718696,30.278283798271122,117.36728775763781
2007,41,Anhui_Xuancheng,13596,14,0.0010297146219476316,0,653415.3125,49756.06918334961,3099.4775390625,30158.826171875,13.13237406460274,210.81466287948606,21.665807176187474,464.2090484627641,221.39125279017858,2.218213163568329,30.68143788152658,118.83135523192556
2008,1,Shanghai_Shanghai,6943,556,0.08008065677660954,556,37113172.0,1977237.548828125,99841.296875,224669.578125,18.77021404028886,371.72165388101087,165.19001953771973,2474.74537781282,179.57067783273382,32.35914995319026,31.174937991002842,121.39731959211504
2008,2,Jiangsu_Nanjing,7264,166,0.022852422907488987,166,10635770.0,597030.2200317383,28799.56640625,83357.40625,17.814458369351218,369.30312942808246,127.59238175072176,1991.4247271819354,173.49136389307228,11.475413856002202,31.935716790867197,118.82972083372556
2008,3,Jiangsu_Wuxi,4468,139,0.031110116383169205,127,7280208.0,480825.1953125,14147.369140625,67304.5234375,15.141070124805784,514.5980095404775,108.16818288239588,2065.2400893838512,101.77963410521583,15.06368026801701,31.549667157961814,120.05717776035183
2008,4,Jiangsu_Xuzhou,13482,123,0.009123275478415665,122,5595681.0,441192.39807128906,15864.93359375,106248.5390625,12.683085711499125,352.7074958702898,52.66595709808657,1157.662976689459,128.983199949187,7.880769845905652,34.32449774262204,117.50910738727144
2008,5,Jiangsu_Changzhou,4818,106,0.022000830220008302,99,5698736.5,365648.6511230469,11978.72265625,50128.16015625,15.58527970087405,475.73824551540446,113.68333651658027,2114.579902186653,113.00681751179245,10.404350385273972,31.651482732547414,119.60118605513709
2008,6,Jiangsu_Suzhou,6960,166,0.02385057471264368,159,9134005.0,605399.5513916016,21782.01171875,112142.0234375,15.087564863575007,419.3370712466117,81.4503316420953,1480.2657818325938,131.21693806475903,16.112359689295978,31.44195132902768,120.6975538078631
2008,7,Jiangsu_Nantong,9786,104,0.010627426936439812,101,5614125.0,370378.72314453125,13098.0390625,87414.640625,15.15779565396154,428.6233208811672,64.22408145660668,1189.7320546812007,125.94268329326923,8.93262217708972,32.21350530807948,120.95831823942517
2008,8,Jiangsu_Lianyungang,8818,59,0.006690859605352688,59,2777393.75,207922.36328125,6522.5029296875,55864.24609375,13.357840427405625,425.81717171157607,49.71683937771301,1056.1316785871888,110.55089711334746,6.335251314782264,34.50592614189938,119.08713484257518
2008,9,Jiangsu_Huaian,9745,60,0.0061570035915854285,60,2855819.0,209654.96063232422,10825.259765625,58582.234375,13.621518858350806,263.8106670722574,48.74889171551849,1024.2012896934677,180.42099609375,6.0115171241662395,33.39821736096465,119.0105658323877
2008,10,Jiangsu_Yancheng,17270,91,0.005269253039953677,91,4308902.0,323533.1726074219,12900.8037109375,94297.25,13.318269546438323,334.00260143070363,45.69488505762363,965.0334447717192,141.76707374656593,5.460176606832658,33.5087075718737,120.12563476574105
2008,11,Jiangsu_Yangzhou,7233,96,0.013272501036914143,94,4712926.0,351876.60217285156,11781.7265625,55214.7890625,13.393689636928118,400.01997797171333,85.35622575077188,1738.664615585753,122.726318359375,7.6337327613023644,32.732957136188475,119.4689330575752
2008,12,Jiangsu_Zhenjiang,4212,57,0.013532763532763533,57,3017835.25,203892.19284057617,8203.7724609375,35479.734375,14.80113195094063,367.859452997936,85.05800009952864,1606.550922775898,143.92583264802633,8.423488693019943,32.05004877211815,119.43787168969979
2008,13,Jiangsu_Taizhou,6623,72,0.010871206401932659,72,3718392.5,257898.40698242188,9134.34765625,56513.4375,14.418051447108947,407.07805745227597,65.79660810758503,1274.0332774837843,126.86593967013889,8.532906160350294,32.59651959688939,120.01859361694291
2008,14,Jiangsu_Suqian,9405,36,0.003827751196172249,33,1748249.875,128214.34020996094,6396.01318359375,61039.1640625,13.635369274116336,273.3343138635785,28.641445240139753,589.7852723398771,177.66703287760416,6.490075923710792,33.771292490437816,118.49384829020626
2008,15,Zhejiang_Hangzhou,18384,78,0.004242819843342037,76,4810854.5,264761.31439208984,13841.76953125,87703.9140625,18.1705341320202,347.56065610966357,54.853361465392126,889.355974972967,177.45858373397436,4.770665473373586,29.902960760769375,119.42732290731314
2008,16,Zhejiang_Ningbo,9637,174,0.01805541143509391,168,8274074.5,637110.0616455078,14879.9267578125,75555.7109375,12.9868840536437,556.0561308311421,109.50958434954505,2302.9364404225316,85.51682044719827,7.8401692370551,29.726300490831505,121.40836118452712
2008,17,Zhejiang_Wenzhou,12585,142,0.011283273738577671,141,8696172.0,508382.60650634766,27375.0625,89487.7578125,17.105565549854074,317.6676582930176,97.1772252716481,1586.8092292302902,192.78213028169014,7.110668082042114,27.91658611468568,120.38204275052409
2008,18,Zhejiang_Jiaxing,4676,33,0.007057313943541489,33,1826597.625,111251.7261505127,5279.58251953125,47406.05078125,16.41860030583968,345.9738754423665,38.53089626530237,696.1136702205984,159.98734907670453,10.138163126871257,30.636614355340335,120.71407290583244
2008,19,Zhejiang_Huzhou,6860,25,0.0036443148688046646,0,1333358.0,85390.34843444824,4621.5048828125,31144.64453125,15.614856063312368,288.5116501680641,42.81179060053588,802.7062236949095,184.8601953125,4.54003564595481,30.72851771266912,119.84912648005557
2008,20,Zhejiang_Shaoxing,9294,35,0.0037658704540563803,35,1841337.75,121861.07635498047,6345.6787109375,52764.19140625,15.110138569892456,290.1719160199908,34.89748825719502,663.3286527698821,181.30510602678572,5.67723169854207,29.707569646153477,120.60140275944579
2008,21,Zhejiang_Jinhua,12538,51,0.004067634391449992,51,3162332.0,179422.96981811523,6634.5078125,57677.8203125,17.62501202162533,476.64907320508183,54.82752265717392,884.2220410494123,130.08838848039215,4.600240892686234,29.115572659438808,119.93810948166113
2008,22,Zhejiang_Quzhou,10687,14,0.0013100028071488725,0,715318.75,48794.69394683838,1242.8011474609375,25486.046875,14.659765071573906,575.5697534246791,28.067073466057103,549.3201856162716,88.77151053292411,2.3847709249555535,28.942249141037596,118.66548294306223
2008,23,Zhejiang_Zhoushan,760,12,0.015789473684210527,0,793624.8125,44388.65661621094,2230.366943359375,7302.2783203125,17.87900046991205,355.82701530925834,108.68180829158494,1643.322737592733,185.8639119466146,9.608260947779605,29.930222295487553,121.66481981690896
2008,24,Zhejiang_Taizhou,10495,73,0.006955693187232015,72,4146206.75,260509.52911376953,9681.318359375,62347.4609375,15.915758491081037,428.2688158875573,66.50161350044954,1170.8576243895257,132.62079944349315,5.94068231896141,28.78030381964947,121.04669890427489
2008,25,Zhejiang_Lishui,19368,10,0.0005163155720776538,0,579138.125,35398.83852005005,2191.08984375,23985.9453125,16.36037082606464,264.31509718872064,24.144894747933442,416.91081463396046,219.108984375,1.2384317075846758,28.192527343951202,119.47800510960715
2008,26,Anhui_Hefei,12801,103,0.008046246387001016,103,6003602.5,362171.3638305664,24325.783203125,86177.328125,16.57669020681781,246.79996733789645,69.66568389416517,1195.209949542631,236.17265245752426,6.732077816186235,31.8059561424028,117.32441610351175
2008,27,Anhui_Wuhu,6365,21,0.0032992930086410055,0,1188984.875,73232.43618011475,4514.8583984375,38598.46875,16.235768424741444,263.34931687148446,30.80393895159377,544.0630335886058,214.99325706845238,6.064174194815397,31.164408878773543,118.11123309603293
2008,28,Anhui_Bengbu,6577,32,0.004865440170290406,31,1689340.0,113951.85470581055,4791.64404296875,38207.0078125,14.825032943617884,352.5595776420276,44.21544885928772,837.5426873792173,149.73887634277344,5.809184706173027,33.075971492967824,117.30712625015883
2008,29,Anhui_Huainan,2417,40,0.016549441456350848,40,2234710.0,150567.87490844727,4824.1181640625,23343.70703125,14.841877800020852,463.23699461749914,95.73072507328912,1713.5239037421254,120.6029541015625,9.658132822196938,32.70347454233038,116.81316200965705
2008,30,Anhui_Maanshan,4561,43,0.009427757070817803,43,2433529.0,154542.3412322998,4049.2880859375,27348.08984375,15.746681334030322,600.9769985127111,88.98350904592142,1572.3218786275493,94.16949037063954,5.996073195297084,31.641224731748427,118.3057299058898
2008,31,Anhui_Huaibei,3306,32,0.009679370840895343,32,1269264.25,113971.64344787598,3580.0703125,24209.4765625,11.136667083163434,354.53612337397357,52.42840532810467,1321.7964427024153,111.877197265625,7.322890672262553,33.66128937128523,116.76664541082641
2008,32,Anhui_Tongling,1253,9,0.007182761372705506,0,541031.875,32148.81658554077,1790.08935546875,8733.9423828125,16.828982602219146,302.2373566700117,61.94589468150088,1030.4624882471257,198.89881727430554,6.970424886522347,31.135937536114692,117.83803087401012
2008,33,Anhui_Anqing,16820,25,0.0014863258026159335,0,1339716.5,91148.89144897461,3713.432373046875,61566.59375,14.698110736212046,360.77579053924205,21.76044537139916,406.06436830850333,148.537294921875,3.6603206747919144,30.652154436099703,116.56293238294478
2008,34,Anhui_Huangshan,11250,9,0.0008,0,438201.1875,30416.11671447754,1062.23291015625,16459.91796875,14.40687486879033,412.52834788892244,26.622319037795176,546.7827978904246,118.02587890625,1.4631038194444443,29.951300817098428,118.02958050176348
2008,35,Anhui_Chuzhou,15635,36,0.0023025263831148064,36,1503015.625,131022.52006530762,5420.47314453125,47878.58984375,11.471429676751969,277.2849500262541,31.392228340580534,751.9018441747065,150.56869845920139,3.06226989726575,32.528067108118144,118.07782843365027
2008,36,Anhui_Fuyang,12558,54,0.004300047778308648,54,2781961.25,194624.78637695312,9388.078125,96739.921875,14.293972015526546,296.3291541632756,28.75711698004718,558.1976804754371,173.85329861111111,7.703449743191591,32.89321331954427,115.68649298440187
2008,37,Anhui_Suzhou,11938,44,0.0036857094990785724,44,1707702.125,155886.89804077148,6694.0458984375,65669.75,10.954750825520684,255.10762114711608,26.004395098199705,670.0193011241857,152.13740678267047,5.500900485843525,33.81021621747854,117.17245163670843
2008,38,Anhui_Lu'an,21692,16,0.0007375991148810622,0,731994.5,59218.16825866699,2784.11181640625,70974.34375,12.360978421396334,262.91849906548055,10.31350853455408,225.43357436820258,174.00698852539062,3.2719133205790154,31.753773065560694,116.28652963739101
2008,39,Anhui_Bozhou,10768,34,0.0031575037147102527,34,1544989.25,126789.63661193848,3610.097900390625,63118.59375,12.185453727016395,427.9632554654063,24.477561336670306,538.6685282417275,106.17935001148896,5.861682183320951,33.42234822290941,116.15788415359076
2008,40,Anhui_Chizhou,9456,4,0.00042301184433164127,0,252932.15625,14646.315574645996,821.1168212890625,16547.41796875,17.269336780360437,308.0343133793368,15.285294462717111,241.72955608869302,205.27920532226562,1.7499384484718696,30.278283798271122,117.36728775763781
2008,41,Anhui_Xuancheng,13596,14,0.0010297146219476316,0,653415.3125,49756.06918334961,3099.4775390625,30158.826171875,13.13237406460274,210.81466287948606,21.665807176187474,464.2090484627641,221.39125279017858,2.218213163568329,30.68143788152658,118.83135523192556
2009,1,Shanghai_Shanghai,6943,556,0.08008065677660954,553,37113172.0,1977237.548828125,99841.296875,224669.578125,18.77021404028886,371.72165388101087,165.19001953771973,2474.74537781282,179.57067783273382,32.35914995319026,31.174937991002842,121.39731959211504
2009,2,Jiangsu_Nanjing,7264,166,0.022852422907488987,166,10635770.0,597030.2200317383,28799.56640625,83357.40625,17.814458369351218,369.30312942808246,127.59238175072176,1991.4247271819354,173.49136389307228,11.475413856002202,31.935716790867197,118.82972083372556
2009,3,Jiangsu_Wuxi,4468,139,0.031110116383169205,133,7280208.0,480825.1953125,14147.369140625,67304.5234375,15.141070124805784,514.5980095404775,108.16818288239588,2065.2400893838512,101.77963410521583,15.06368026801701,31.549667157961814,120.05717776035183
2009,4,Jiangsu_Xuzhou,13482,123,0.009123275478415665,123,5595681.0,441192.39807128906,15864.93359375,106248.5390625,12.683085711499125,352.7074958702898,52.66595709808657,1157.662976689459,128.983199949187,7.880769845905652,34.32449774262204,117.50910738727144
2009,5,Jiangsu_Changzhou,4818,106,0.022000830220008302,105,5698736.5,365648.6511230469,11978.72265625,50128.16015625,15.58527970087405,475.73824551540446,113.68333651658027,2114.579902186653,113.00681751179245,10.404350385273972,31.651482732547414,119.60118605513709
2009,6,Jiangsu_Suzhou,6960,166,0.02385057471264368,164,9134005.0,605399.5513916016,21782.01171875,112142.0234375,15.087564863575007,419.3370712466117,81.4503316420953,1480.2657818325938,131.21693806475903,16.112359689295978,31.44195132902768,120.6975538078631
2009,7,Jiangsu_Nantong,9786,104,0.010627426936439812,101,5614125.0,370378.72314453125,13098.0390625,87414.640625,15.15779565396154,428.6233208811672,64.22408145660668,1189.7320546812007,125.94268329326923,8.93262217708972,32.21350530807948,120.95831823942517
2009,8,Jiangsu_Lianyungang,8818,59,0.006690859605352688,59,2777393.75,207922.36328125,6522.5029296875,55864.24609375,13.357840427405625,425.81717171157607,49.71683937771301,1056.1316785871888,110.55089711334746,6.335251314782264,34.50592614189938,119.08713484257518
2009,9,Jiangsu_Huaian,9745,60,0.0061570035915854285,60,2855819.0,209654.96063232422,10825.259765625,58582.234375,13.621518858350806,263.8106670722574,48.74889171551849,1024.2012896934677,180.42099609375,6.0115171241662395,33.39821736096465,119.0105658323877
2009,10,Jiangsu_Yancheng,17270,91,0.005269253039953677,91,4308902.0,323533.1726074219,12900.8037109375,94297.25,13.318269546438323,334.00260143070363,45.69488505762363,965.0334447717192,141.76707374656593,5.460176606832658,33.5087075718737,120.12563476574105
2009,11,Jiangsu_Yangzhou,7233,96,0.013272501036914143,96,4712926.0,351876.60217285156,11781.7265625,55214.7890625,13.393689636928118,400.01997797171333,85.35622575077188,1738.664615585753,122.726318359375,7.6337327613023644,32.732957136188475,119.4689330575752
2009,12,Jiangsu_Zhenjiang,4212,57,0.013532763532763533,57,3017835.25,203892.19284057617,8203.7724609375,35479.734375,14.80113195094063,367.859452997936,85.05800009952864,1606.550922775898,143.92583264802633,8.423488693019943,32.05004877211815,119.43787168969979
2009,13,Jiangsu_Taizhou,6623,72,0.010871206401932659,71,3718392.5,257898.40698242188,9134.34765625,56513.4375,14.418051447108947,407.07805745227597,65.79660810758503,1274.0332774837843,126.86593967013889,8.532906160350294,32.59651959688939,120.01859361694291
2009,14,Jiangsu_Suqian,9405,36,0.003827751196172249,35,1748249.875,128214.34020996094,6396.01318359375,61039.1640625,13.635369274116336,273.3343138635785,28.641445240139753,589.7852723398771,177.66703287760416,6.490075923710792,33.771292490437816,118.49384829020626
2009,15,Zhejiang_Hangzhou,18384,78,0.004242819843342037,77,4810854.5,264761.31439208984,13841.76953125,87703.9140625,18.1705341320202,347.56065610966357,54.853361465392126,889.355974972967,177.45858373397436,4.770665473373586,29.902960760769375,119.42732290731314
2009,16,Zhejiang_Ningbo,9637,174,0.01805541143509391,174,8274074.5,637110.0616455078,14879.9267578125,75555.7109375,12.9868840536437,556.0561308311421,109.50958434954505,2302.9364404225316,85.51682044719827,7.8401692370551,29.726300490831505,121.40836118452712
2009,17,Zhejiang_Wenzhou,12585,142,0.011283273738577671,141,8696172.0,508382.60650634766,27375.0625,89487.7578125,17.105565549854074,317.6676582930176,97.1772252716481,1586.8092292302902,192.78213028169014,7.110668082042114,27.91658611468568,120.38204275052409
2009,18,Zhejiang_Jiaxing,4676,33,0.007057313943541489,31,1826597.625,111251.7261505127,5279.58251953125,47406.05078125,16.41860030583968,345.9738754423665,38.53089626530237,696.1136702205984,159.98734907670453,10.138163126871257,30.636614355340335,120.71407290583244
2009,19,Zhejiang_Huzhou,6860,25,0.0036443148688046646,0,1333358.0,85390.34843444824,4621.5048828125,31144.64453125,15.614856063312368,288.5116501680641,42.81179060053588,802.7062236949095,184.8601953125,4.54003564595481,30.72851771266912,119.84912648005557
2009,20,Zhejiang_Shaoxing,9294,35,0.0037658704540563803,35,1841337.75,121861.07635498047,6345.6787109375,52764.19140625,15.110138569892456,290.1719160199908,34.89748825719502,663.3286527698821,181.30510602678572,5.67723169854207,29.707569646153477,120.60140275944579
2009,21,Zhejiang_Jinhua,12538,51,0.004067634391449992,50,3162332.0,179422.96981811523,6634.5078125,57677.8203125,17.62501202162533,476.64907320508183,54.82752265717392,884.2220410494123,130.08838848039215,4.600240892686234,29.115572659438808,119.93810948166113
2009,22,Zhejiang_Quzhou,10687,14,0.0013100028071488725,0,715318.75,48794.69394683838,1242.8011474609375,25486.046875,14.659765071573906,575.5697534246791,28.067073466057103,549.3201856162716,88.77151053292411,2.3847709249555535,28.942249141037596,118.66548294306223
2009,23,Zhejiang_Zhoushan,760,12,0.015789473684210527,0,793624.8125,44388.65661621094,2230.366943359375,7302.2783203125,17.87900046991205,355.82701530925834,108.68180829158494,1643.322737592733,185.8639119466146,9.608260947779605,29.930222295487553,121.66481981690896
2009,24,Zhejiang_Taizhou,10495,73,0.006955693187232015,73,4146206.75,260509.52911376953,9681.318359375,62347.4609375,15.915758491081037,428.2688158875573,66.50161350044954,1170.8576243895257,132.62079944349315,5.94068231896141,28.78030381964947,121.04669890427489
2009,25,Zhejiang_Lishui,19368,10,0.0005163155720776538,0,579138.125,35398.83852005005,2191.08984375,23985.9453125,16.36037082606464,264.31509718872064,24.144894747933442,416.91081463396046,219.108984375,1.2384317075846758,28.192527343951202,119.47800510960715
2009,26,Anhui_Hefei,12801,103,0.008046246387001016,103,6003602.5,362171.3638305664,24325.783203125,86177.328125,16.57669020681781,246.79996733789645,69.66568389416517,1195.209949542631,236.17265245752426,6.732077816186235,31.8059561424028,117.32441610351175
2009,27,Anhui_Wuhu,6365,21,0.0032992930086410055,0,1188984.875,73232.43618011475,4514.8583984375,38598.46875,16.235768424741444,263.34931687148446,30.80393895159377,544.0630335886058,214.99325706845238,6.064174194815397,31.164408878773543,118.11123309603293
2009,28,Anhui_Bengbu,6577,32,0.004865440170290406,30,1689340.0,113951.85470581055,4791.64404296875,38207.0078125,14.825032943617884,352.5595776420276,44.21544885928772,837.5426873792173,149.73887634277344,5.809184706173027,33.075971492967824,117.30712625015883
2009,29,Anhui_Huainan,2417,40,0.016549441456350848,40,2234710.0,150567.87490844727,4824.1181640625,23343.70703125,14.841877800020852,463.23699461749914,95.73072507328912,1713.5239037421254,120.6029541015625,9.658132822196938,32.70347454233038,116.81316200965705
2009,30,Anhui_Maanshan,4561,43,0.009427757070817803,43,2433529.0,154542.3412322998,4049.2880859375,27348.08984375,15.746681334030322,600.9769985127111,88.98350904592142,1572.3218786275493,94.16949037063954,5.996073195297084,31.641224731748427,118.3057299058898
2009,31,Anhui_Huaibei,3306,32,0.009679370840895343,32,1269264.25,113971.64344787598,3580.0703125,24209.4765625,11.136667083163434,354.53612337397357,52.42840532810467,1321.7964427024153,111.877197265625,7.322890672262553,33.66128937128523,116.76664541082641
2009,32,Anhui_Tongling,1253,9,0.007182761372705506,0,541031.875,32148.81658554077,1790.08935546875,8733.9423828125,16.828982602219146,302.2373566700117,61.94589468150088,1030.4624882471257,198.89881727430554,6.970424886522347,31.135937536114692,117.83803087401012
2009,33,Anhui_Anqing,16820,25,0.0014863258026159335,0,1339716.5,91148.89144897461,3713.432373046875,61566.59375,14.698110736212046,360.77579053924205,21.76044537139916,406.06436830850333,148.537294921875,3.6603206747919144,30.652154436099703,116.56293238294478
2009,34,Anhui_Huangshan,11250,9,0.0008,0,438201.1875,30416.11671447754,1062.23291015625,16459.91796875,14.40687486879033,412.52834788892244,26.622319037795176,546.7827978904246,118.02587890625,1.4631038194444443,29.951300817098428,118.02958050176348
2009,35,Anhui_Chuzhou,15635,36,0.0023025263831148064,36,1503015.625,131022.52006530762,5420.47314453125,47878.58984375,11.471429676751969,277.2849500262541,31.392228340580534,751.9018441747065,150.56869845920139,3.06226989726575,32.528067108118144,118.07782843365027
2009,36,Anhui_Fuyang,12558,54,0.004300047778308648,54,2781961.25,194624.78637695312,9388.078125,96739.921875,14.293972015526546,296.3291541632756,28.75711698004718,558.1976804754371,173.85329861111111,7.703449743191591,32.89321331954427,115.68649298440187
2009,37,Anhui_Suzhou,11938,44,0.0036857094990785724,44,1707702.125,155886.89804077148,6694.0458984375,65669.75,10.954750825520684,255.10762114711608,26.004395098199705,670.0193011241857,152.13740678267047,5.500900485843525,33.81021621747854,117.17245163670843
2009,38,Anhui_Lu'an,21692,16,0.0007375991148810622,0,731994.5,59218.16825866699,2784.11181640625,70974.34375,12.360978421396334,262.91849906548055,10.31350853455408,225.43357436820258,174.00698852539062,3.2719133205790154,31.753773065560694,116.28652963739101
2009,39,Anhui_Bozhou,10768,34,0.0031575037147102527,34,1544989.25,126789.63661193848,3610.097900390625,63118.59375,12.185453727016395,427.9632554654063,24.477561336670306,538.6685282417275,106.17935001148896,5.861682183320951,33.42234822290941,116.15788415359076
2009,40,Anhui_Chizhou,9456,4,0.00042301184433164127,0,252932.15625,14646.315574645996,821.1168212890625,16547.41796875,17.269336780360437,308.0343133793368,15.285294462717111,241.72955608869302,205.27920532226562,1.7499384484718696,30.278283798271122,117.36728775763781
2009,41,Anhui_Xuancheng,13596,14,0.0010297146219476316,0,653415.3125,49756.06918334961,3099.4775390625,30158.826171875,13.13237406460274,210.81466287948606,21.665807176187474,464.2090484627641,221.39125279017858,2.218213163568329,30.68143788152658,118.83135523192556
2010,1,Shanghai_Shanghai,6943,661,0.0952038023908973,644,42204684.0,2334136.6577148438,125417.15625,265312.9375,18.08149658268897,336.51443918782047,159.07510729664287,2491.397540687212,189.73851172465962,38.213011306351724,31.174937991002842,121.39731959211504
2010,2,Jiangsu_Nanjing,7264,189,0.026018722466960353,183,11865486.0,681306.7626953125,33483.70703125,95073.15625,17.415776049336486,354.3659604035498,124.80374553674292,1987.9428374399845,177.1624710648148,13.088264902257709,31.935716790867197,118.82972083372556
2010,3,Jiangsu_Wuxi,4468,216,0.048343777976723366,194,10925193.0,738240.3564453125,20004.537109375,74903.2734375,14.79896473366167,546.1357561170449,145.85735040159605,2883.7190964722317,92.61359772858796,16.764385281445836,31.549667157961814,120.05717776035183
2010,4,Jiangsu_Xuzhou,13482,154,0.01142263759086189,153,6698506.5,546746.8643188477,16397.158203125,103989.484375,12.251568206696868,408.5163061196413,64.41522948459182,1480.9189691205256,106.47505326704545,7.713209047248183,34.32449774262204,117.50910738727144
2010,5,Jiangsu_Changzhou,4818,155,0.032171025321710255,144,7949536.5,534888.2293701172,14766.515625,54934.890625,14.862051665188726,538.3488361019494,144.70833398514662,2821.521955109927,95.26784274193548,11.402011337691988,31.651482732547414,119.60118605513709
2010,6,Jiangsu_Suzhou,6960,255,0.036637931034482756,231,13209862.0,909194.1070556641,25668.01953125,122068.1015625,14.529198877870911,514.6428217384442,108.21714953301235,2088.9978359288043,100.65890012254901,17.538520339439657,31.44195132902768,120.6975538078631
2010,7,Jiangsu_Nantong,9786,144,0.014714898835070508,132,7365169.0,510354.7668457031,13219.806640625,84441.640625,14.431469006395567,557.131371147785,87.22200262200317,1705.319779840552,91.80421278211806,8.628820828223994,32.21350530807948,120.95831823942517
2010,8,Jiangsu_Lianyungang,8818,72,0.008165116806532093,72,3231368.0,251475.98266601562,6694.11865234375,54295.96875,12.849608800581041,482.71746705126463,59.51395793080863,1326.065298356059,92.97387017144098,6.157401763438421,34.50592614189938,119.08713484257518
2010,9,Jiangsu_Huaian,9745,79,0.00810672139558748,79,3614963.0,272654.1328430176,11016.236328125,56359.1796875,13.258419970774252,328.14864281468067,64.14151199581369,1401.7237376065207,139.44602946993672,5.783394529245767,33.39821736096465,119.0105658323877
2010,10,Jiangsu_Yancheng,17270,110,0.006369426751592357,107,5108777.5,391502.8762817383,12217.9609375,89547.2734375,13.049144232400367,418.1366699511925,57.0511787113842,1228.4014440347544,111.0723721590909,5.185134536045165,33.5087075718737,120.12563476574105
2010,11,Jiangsu_Yangzhou,7233,122,0.016867136734411724,117,5929350.5,443140.9454345703,11867.201171875,53993.13671875,13.380281287673219,499.6418628220804,109.8167445037683,2259.546442643209,97.27214075307377,7.464832948811005,32.732957136188475,119.4689330575752
2010,12,Jiangsu_Zhenjiang,4212,74,0.017568850902184234,68,3753263.25,265126.09481811523,9036.779296875,36870.2890625,14.156521456610507,415.3319591746489,101.79641509286039,2007.0360683790748,122.11863914695945,8.75362988188509,32.05004877211815,119.43787168969979
2010,13,Jiangsu_Taizhou,6623,98,0.014796919824852785,90,4865423.0,350878.94439697266,9352.8330078125,54636.234375,13.86638633549759,520.2084754358248,89.05121400947574,1793.6814482376194,95.43707150829081,8.249469179374906,32.59651959688939,120.01859361694291
2010,14,Jiangsu_Suqian,9405,54,0.005741626794258373,53,2480694.5,189252.54821777344,6637.32470703125,58418.9140625,13.107852567171026,373.749154892494,42.46389272737947,924.3581615061796,122.91342050057871,6.211474116161616,33.771292490437816,118.49384829020626
2010,15,Zhejiang_Hangzhou,18384,114,0.006201044386422976,114,6574319.0,383646.6598510742,17309.71875,97798.6328125,17.13639055935493,379.8050733782142,67.22301540354164,1165.660467039057,151.83963815789474,5.319768973699956,29.902960760769375,119.42732290731314
2010,16,Zhejiang_Ningbo,9637,236,0.024488948843000933,224,10917205.0,857064.0563964844,19202.015625,84602.5078125,12.73791021630432,568.5447409899189,129.04115117007188,2789.5154186567866,81.36447298728814,8.778925787330081,29.726300490831505,121.40836118452712
2010,17,Zhejiang_Wenzhou,12585,166,0.013190305919745729,165,9987825.0,595437.8509521484,31766.634765625,97764.828125,16.77391684796111,314.4124353646653,102.1617404904531,1697.952148882786,191.36526967243975,7.768361392530791,27.91658611468568,120.38204275052409
2010,18,Zhejiang_Jiaxing,4676,48,0.010265183917878529,44,2633700.0,161482.1434020996,6546.75244140625,52960.24609375,16.309543238114813,402.29106317548155,49.729753810770355,906.3401993078093,136.39067586263022,11.32597221850941,30.636614355340335,120.71407290583244
2010,19,Zhejiang_Huzhou,6860,36,0.0052478134110787176,34,1848788.25,122504.94003295898,5316.646484375,32751.94921875,15.091540386066049,347.7357871044034,56.44818992762716,1099.1712206060254,147.68462456597223,4.774336620809038,30.72851771266912,119.84912648005557
2010,20,Zhejiang_Shaoxing,9294,60,0.006455777921239509,58,2917189.0,204514.52255249023,8011.7978515625,55803.41015625,14.263969930307912,364.11165808821244,52.2761779581543,1075.20310733698,133.52996419270832,6.004240386943189,29.707569646153477,120.60140275944579
2010,21,Zhejiang_Jinhua,12538,80,0.006380602966980379,75,4696046.0,275950.7751464844,8790.5791015625,61974.7734375,17.01769454174272,534.2134967155112,75.77350814740524,1290.8478008504217,109.88223876953126,4.9429552909156165,29.115572659438808,119.93810948166113
2010,22,Zhejiang_Quzhou,10687,18,0.0016842893234771217,0,921474.75,63141.43180847168,1427.066650390625,25303.640625,14.593820944623651,645.7124828386737,36.416686581044104,711.3600871416106,79.28148057725694,2.3677028749883036,28.942249141037596,118.66548294306223
2010,23,Zhejiang_Zhoushan,760,17,0.02236842105263158,0,1018347.3125,60719.95735168457,2927.58349609375,7622.20751953125,16.77121257845791,347.84569384913266,133.60267480130562,2230.3250018369304,172.21079388786765,10.029220420435855,29.930222295487553,121.66481981690896
2010,24,Zhejiang_Taizhou,10495,100,0.009528346831824679,99,5400842.0,353901.5197753906,11679.39453125,65448.1171875,15.260861279792561,462.4248273786132,82.52096824309427,1527.9278350133975,116.7939453125,6.236123600524059,28.78030381964947,121.04669890427489
2010,25,Zhejiang_Lishui,19368,12,0.0006195786864931846,0,687124.875,42475.49057006836,2089.28857421875,23679.38671875,16.17697325629485,328.87983186187546,29.017849286439304,506.7698814386128,174.10738118489584,1.2226036100139406,28.192527343951202,119.47800510960715
2010,26,Anhui_Hefei,12801,135,0.010546051089758613,129,7520276.0,471228.5614013672,27303.00390625,90123.0625,15.958871375783678,275.43767805997766,83.44452342595437,1497.9517590183978,202.24447337962962,7.040314233263026,31.8059561424028,117.32441610351175
2010,27,Anhui_Wuhu,6365,26,0.00408483896307934,0,1415638.75,90411.9873046875,4973.09912109375,38868.2578125,15.657644436343507,284.6592668936496,36.42146135875253,668.9263029339695,191.2730431189904,6.106560536135114,31.164408878773543,118.11123309603293
2010,28,Anhui_Bengbu,6577,36,0.005473620191576707,34,1858411.375,128651.16119384766,4685.40234375,37557.4140625,14.445352515705647,396.6385891019565,49.48187784993351,958.5324468849672,130.15006510416666,5.7104172209974156,33.075971492967824,117.30712625015883
2010,29,Anhui_Huainan,2417,46,0.019031857674803476,46,2491442.25,171443.1381225586,5725.517578125,24876.77734375,14.53217829120088,435.14707902021684,100.15132649912734,1849.1141100942066,124.4677734375,10.292419256826644,32.70347454233038,116.81316200965705
2010,30,Anhui_Maanshan,4561,50,0.010962508221881167,42,2827715.0,181526.52740478516,4508.10205078125,27214.75390625,15.57742022847433,627.2517720644677,103.90375050757308,1837.238733528186,90.162041015625,5.9668392690747645,31.641224731748427,118.3057299058898
2010,31,Anhui_Huaibei,3306,37,0.01119177253478524,37,1417449.25,131404.75273132324,3921.201904296875,25476.513671875,10.786894846171872,361.48336265132156,55.637489032292684,1452.318024221911,105.97842984586148,7.706144486350575,33.66128937128523,116.76664541082641
2010,32,Anhui_Tongling,1253,9,0.007182761372705506,0,546161.25,32489.120960235596,1741.791259765625,8926.0712890625,16.81058870963185,313.5629754356968,61.18719337019355,1008.2823348081578,193.53236219618054,7.123760007232642,31.135937536114692,117.83803087401012
2010,33,Anhui_Anqing,16820,34,0.0020214030915576696,34,1764695.75,121730.40390014648,4680.8662109375,62379.3203125,14.496754249230552,377.001962986368,28.289755982582868,545.0524281071214,137.6725356158088,3.7086397332045182,30.652154436099703,116.56293238294478
2010,34,Anhui_Huangshan,11250,12,0.0010666666666666667,0,563471.3125,40771.22211456299,1126.5101318359375,16383.984375,13.820319413450568,500.19196150653244,34.39159239920845,732.422573492597,93.87584431966145,1.4563541666666666,29.951300817098428,118.02958050176348
2010,35,Anhui_Chuzhou,15635,46,0.0029421170450911415,45,1885189.375,166617.98477172852,5597.9912109375,47667.32421875,11.314441100597659,336.761760418035,39.548881878678195,965.0216527552818,121.69546110733695,3.0487575451710907,32.528067108118144,118.07782843365027
2010,36,Anhui_Fuyang,12558,65,0.005175983436853002,63,3293670.75,234093.81866455078,8965.29296875,94418.984375,14.069874927879786,367.3801582927217,34.88356469625497,688.4208766940574,137.9275841346154,7.518632296145883,32.89321331954427,115.68649298440187
2010,37,Anhui_Suzhou,11938,55,0.0046071368738482155,55,2073682.5,193687.0574951172,6872.35986328125,64684.859375,10.706355534634922,301.7424205445941,32.05823619369969,850.2762552384385,124.95199751420455,5.418400014659072,33.81021621747854,117.17245163670843
2010,38,Anhui_Lu'an,21692,25,0.0011524986170016597,0,1113999.75,88606.57691955566,3274.59521484375,68785.765625,12.572427338112616,340.1946429745685,16.195207538623656,363.4472884447159,130.98380859375,3.171019990088512,31.753773065560694,116.28652963739101
2010,39,Anhui_Bozhou,10768,43,0.003993313521545319,43,1919291.25,157291.98455810547,3688.871337890625,61685.0703125,12.202091895477304,520.2922721337013,31.11435620121309,697.0892597213492,85.78770553234011,5.728554078055349,33.42234822290941,116.15788415359076
2010,40,Anhui_Chizhou,9456,5,0.0005287648054145516,0,290359.28125,17785.664796829224,713.9486083984375,16599.599609375,16.325466861478485,406.6949327085984,17.49194487112888,301.2120844876365,142.7897216796875,1.7554568114821278,30.278283798271122,117.36728775763781
2010,41,Anhui_Xuancheng,13596,19,0.001397469844071786,0,888699.1875,67927.23178863525,3065.635009765625,29291.517578125,13.083106202020824,289.89073541665454,30.339813740606033,648.6519501532847,161.34921104029604,2.1544217106593853,30.68143788152658,118.83135523192556
2011,1,Shanghai_Shanghai,6943,661,0.0952038023908973,658,42204684.0,2334136.6577148438,125417.15625,265312.9375,18.08149658268897,336.51443918782047,159.07510729664287,2491.397540687212,189.73851172465962,38.213011306351724,31.174937991002842,121.39731959211504
2011,2,Jiangsu_Nanjing,7264,189,0.026018722466960353,189,11865486.0,681306.7626953125,33483.70703125,95073.15625,17.415776049336486,354.3659604035498,124.80374553674292,1987.9428374399845,177.1624710648148,13.088264902257709,31.935716790867197,118.82972083372556
2011,3,Jiangsu_Wuxi,4468,216,0.048343777976723366,195,10925193.0,738240.3564453125,20004.537109375,74903.2734375,14.79896473366167,546.1357561170449,145.85735040159605,2883.7190964722317,92.61359772858796,16.764385281445836,31.549667157961814,120.05717776035183
2011,4,Jiangsu_Xuzhou,13482,154,0.01142263759086189,154,6698506.5,546746.8643188477,16397.158203125,103989.484375,12.251568206696868,408.5163061196413,64.41522948459182,1480.9189691205256,106.47505326704545,7.713209047248183,34.32449774262204,117.50910738727144
2011,5,Jiangsu_Changzhou,4818,155,0.032171025321710255,147,7949536.5,534888.2293701172,14766.515625,54934.890625,14.862051665188726,538.3488361019494,144.70833398514662,2821.521955109927,95.26784274193548,11.402011337691988,31.651482732547414,119.60118605513709
2011,6,Jiangsu_Suzhou,6960,255,0.036637931034482756,251,13209862.0,909194.1070556641,25668.01953125,122068.1015625,14.529198877870911,514.6428217384442,108.21714953301235,2088.9978359288043,100.65890012254901,17.538520339439657,31.44195132902768,120.6975538078631
2011,7,Jiangsu_Nantong,9786,144,0.014714898835070508,140,7365169.0,510354.7668457031,13219.806640625,84441.640625,14.431469006395567,557.131371147785,87.22200262200317,1705.319779840552,91.80421278211806,8.628820828223994,32.21350530807948,120.95831823942517
2011,8,Jiangsu_Lianyungang,8818,72,0.008165116806532093,72,3231368.0,251475.98266601562,6694.11865234375,54295.96875,12.849608800581041,482.71746705126463,59.51395793080863,1326.065298356059,92.97387017144098,6.157401763438421,34.50592614189938,119.08713484257518
2011,9,Jiangsu_Huaian,9745,79,0.00810672139558748,79,3614963.0,272654.1328430176,11016.236328125,56359.1796875,13.258419970774252,328.14864281468067,64.14151199581369,1401.7237376065207,139.44602946993672,5.783394529245767,33.39821736096465,119.0105658323877
2011,10,Jiangsu_Yancheng,17270,110,0.006369426751592357,110,5108777.5,391502.8762817383,12217.9609375,89547.2734375,13.049144232400367,418.1366699511925,57.0511787113842,1228.4014440347544,111.0723721590909,5.185134536045165,33.5087075718737,120.12563476574105
2011,11,Jiangsu_Yangzhou,7233,122,0.016867136734411724,122,5929350.5,443140.9454345703,11867.201171875,53993.13671875,13.380281287673219,499.6418628220804,109.8167445037683,2259.546442643209,97.27214075307377,7.464832948811005,32.732957136188475,119.4689330575752
2011,12,Jiangsu_Zhenjiang,4212,74,0.017568850902184234,73,3753263.25,265126.09481811523,9036.779296875,36870.2890625,14.156521456610507,415.3319591746489,101.79641509286039,2007.0360683790748,122.11863914695945,8.75362988188509,32.05004877211815,119.43787168969979
2011,13,Jiangsu_Taizhou,6623,98,0.014796919824852785,96,4865423.0,350878.94439697266,9352.8330078125,54636.234375,13.86638633549759,520.2084754358248,89.05121400947574,1793.6814482376194,95.43707150829081,8.249469179374906,32.59651959688939,120.01859361694291
2011,14,Jiangsu_Suqian,9405,54,0.005741626794258373,54,2480694.5,189252.54821777344,6637.32470703125,58418.9140625,13.107852567171026,373.749154892494,42.46389272737947,924.3581615061796,122.91342050057871,6.211474116161616,33.771292490437816,118.49384829020626
2011,15,Zhejiang_Hangzhou,18384,114,0.006201044386422976,114,6574319.0,383646.6598510742,17309.71875,97798.6328125,17.13639055935493,379.8050733782142,67.22301540354164,1165.660467039057,151.83963815789474,5.319768973699956,29.902960760769375,119.42732290731314
2011,16,Zhejiang_Ningbo,9637,236,0.024488948843000933,236,10917205.0,857064.0563964844,19202.015625,84602.5078125,12.73791021630432,568.5447409899189,129.04115117007188,2789.5154186567866,81.36447298728814,8.778925787330081,29.726300490831505,121.40836118452712
2011,17,Zhejiang_Wenzhou,12585,166,0.013190305919745729,165,9987825.0,595437.8509521484,31766.634765625,97764.828125,16.77391684796111,314.4124353646653,102.1617404904531,1697.952148882786,191.36526967243975,7.768361392530791,27.91658611468568,120.38204275052409
2011,18,Zhejiang_Jiaxing,4676,48,0.010265183917878529,48,2633700.0,161482.1434020996,6546.75244140625,52960.24609375,16.309543238114813,402.29106317548155,49.729753810770355,906.3401993078093,136.39067586263022,11.32597221850941,30.636614355340335,120.71407290583244
2011,19,Zhejiang_Huzhou,6860,36,0.0052478134110787176,34,1848788.25,122504.94003295898,5316.646484375,32751.94921875,15.091540386066049,347.7357871044034,56.44818992762716,1099.1712206060254,147.68462456597223,4.774336620809038,30.72851771266912,119.84912648005557
2011,20,Zhejiang_Shaoxing,9294,60,0.006455777921239509,58,2917189.0,204514.52255249023,8011.7978515625,55803.41015625,14.263969930307912,364.11165808821244,52.2761779581543,1075.20310733698,133.52996419270832,6.004240386943189,29.707569646153477,120.60140275944579
2011,21,Zhejiang_Jinhua,12538,80,0.006380602966980379,76,4696046.0,275950.7751464844,8790.5791015625,61974.7734375,17.01769454174272,534.2134967155112,75.77350814740524,1290.8478008504217,109.88223876953126,4.9429552909156165,29.115572659438808,119.93810948166113
2011,22,Zhejiang_Quzhou,10687,18,0.0016842893234771217,0,921474.75,63141.43180847168,1427.066650390625,25303.640625,14.593820944623651,645.7124828386737,36.416686581044104,711.3600871416106,79.28148057725694,2.3677028749883036,28.942249141037596,118.66548294306223
2011,23,Zhejiang_Zhoushan,760,17,0.02236842105263158,0,1018347.3125,60719.95735168457,2927.58349609375,7622.20751953125,16.77121257845791,347.84569384913266,133.60267480130562,2230.3250018369304,172.21079388786765,10.029220420435855,29.930222295487553,121.66481981690896
2011,24,Zhejiang_Taizhou,10495,100,0.009528346831824679,99,5400842.0,353901.5197753906,11679.39453125,65448.1171875,15.260861279792561,462.4248273786132,82.52096824309427,1527.9278350133975,116.7939453125,6.236123600524059,28.78030381964947,121.04669890427489
2011,25,Zhejiang_Lishui,19368,12,0.0006195786864931846,0,687124.875,42475.49057006836,2089.28857421875,23679.38671875,16.17697325629485,328.87983186187546,29.017849286439304,506.7698814386128,174.10738118489584,1.2226036100139406,28.192527343951202,119.47800510960715
2011,26,Anhui_Hefei,12801,135,0.010546051089758613,135,7520276.0,471228.5614013672,27303.00390625,90123.0625,15.958871375783678,275.43767805997766,83.44452342595437,1497.9517590183978,202.24447337962962,7.040314233263026,31.8059561424028,117.32441610351175
2011,27,Anhui_Wuhu,6365,26,0.00408483896307934,0,1415638.75,90411.9873046875,4973.09912109375,38868.2578125,15.657644436343507,284.6592668936496,36.42146135875253,668.9263029339695,191.2730431189904,6.106560536135114,31.164408878773543,118.11123309603293
2011,28,Anhui_Bengbu,6577,36,0.005473620191576707,36,1858411.375,128651.16119384766,4685.40234375,37557.4140625,14.445352515705647,396.6385891019565,49.48187784993351,958.5324468849672,130.15006510416666,5.7104172209974156,33.075971492967824,117.30712625015883
2011,29,Anhui_Huainan,2417,46,0.019031857674803476,46,2491442.25,171443.1381225586,5725.517578125,24876.77734375,14.53217829120088,435.14707902021684,100.15132649912734,1849.1141100942066,124.4677734375,10.292419256826644,32.70347454233038,116.81316200965705
2011,30,Anhui_Maanshan,4561,50,0.010962508221881167,50,2827715.0,181526.52740478516,4508.10205078125,27214.75390625,15.57742022847433,627.2517720644677,103.90375050757308,1837.238733528186,90.162041015625,5.9668392690747645,31.641224731748427,118.3057299058898
2011,31,Anhui_Huaibei,3306,37,0.01119177253478524,37,1417449.25,131404.75273132324,3921.201904296875,25476.513671875,10.786894846171872,361.48336265132156,55.637489032292684,1452.318024221911,105.97842984586148,7.706144486350575,33.66128937128523,116.76664541082641
2011,32,Anhui_Tongling,1253,9,0.007182761372705506,0,546161.25,32489.120960235596,1741.791259765625,8926.0712890625,16.81058870963185,313.5629754356968,61.18719337019355,1008.2823348081578,193.53236219618054,7.123760007232642,31.135937536114692,117.83803087401012
2011,33,Anhui_Anqing,16820,34,0.0020214030915576696,34,1764695.75,121730.40390014648,4680.8662109375,62379.3203125,14.496754249230552,377.001962986368,28.289755982582868,545.0524281071214,137.6725356158088,3.7086397332045182,30.652154436099703,116.56293238294478
2011,34,Anhui_Huangshan,11250,12,0.0010666666666666667,0,563471.3125,40771.22211456299,1126.5101318359375,16383.984375,13.820319413450568,500.19196150653244,34.39159239920845,732.422573492597,93.87584431966145,1.4563541666666666,29.951300817098428,118.02958050176348
2011,35,Anhui_Chuzhou,15635,46,0.0029421170450911415,46,1885189.375,166617.98477172852,5597.9912109375,47667.32421875,11.314441100597659,336.761760418035,39.548881878678195,965.0216527552818,121.69546110733695,3.0487575451710907,32.528067108118144,118.07782843365027
2011,36,Anhui_Fuyang,12558,65,0.005175983436853002,65,3293670.75,234093.81866455078,8965.29296875,94418.984375,14.069874927879786,367.3801582927217,34.88356469625497,688.4208766940574,137.9275841346154,7.518632296145883,32.89321331954427,115.68649298440187
2011,37,Anhui_Suzhou,11938,55,0.0046071368738482155,55,2073682.5,193687.0574951172,6872.35986328125,64684.859375,10.706355534634922,301.7424205445941,32.05823619369969,850.2762552384385,124.95199751420455,5.418400014659072,33.81021621747854,117.17245163670843
2011,38,Anhui_Lu'an,21692,25,0.0011524986170016597,0,1113999.75,88606.57691955566,3274.59521484375,68785.765625,12.572427338112616,340.1946429745685,16.195207538623656,363.4472884447159,130.98380859375,3.171019990088512,31.753773065560694,116.28652963739101
2011,39,Anhui_Bozhou,10768,43,0.003993313521545319,43,1919291.25,157291.98455810547,3688.871337890625,61685.0703125,12.202091895477304,520.2922721337013,31.11435620121309,697.0892597213492,85.78770553234011,5.728554078055349,33.42234822290941,116.15788415359076
2011,40,Anhui_Chizhou,9456,5,0.0005287648054145516,0,290359.28125,17785.664796829224,713.9486083984375,16599.599609375,16.325466861478485,406.6949327085984,17.49194487112888,301.2120844876365,142.7897216796875,1.7554568114821278,30.278283798271122,117.36728775763781
2011,41,Anhui_Xuancheng,13596,19,0.001397469844071786,0,888699.1875,67927.23178863525,3065.635009765625,29291.517578125,13.083106202020824,289.89073541665454,30.339813740606033,648.6519501532847,161.34921104029604,2.1544217106593853,30.68143788152658,118.83135523192556
2012,1,Shanghai_Shanghai,6943,661,0.0952038023908973,657,42204684.0,2334136.6577148438,125417.15625,265312.9375,18.08149658268897,336.51443918782047,159.07510729664287,2491.397540687212,189.73851172465962,38.213011306351724,31.174937991002842,121.39731959211504
2012,2,Jiangsu_Nanjing,7264,189,0.026018722466960353,189,11865486.0,681306.7626953125,33483.70703125,95073.15625,17.415776049336486,354.3659604035498,124.80374553674292,1987.9428374399845,177.1624710648148,13.088264902257709,31.935716790867197,118.82972083372556
2012,3,Jiangsu_Wuxi,4468,216,0.048343777976723366,216,10925193.0,738240.3564453125,20004.537109375,74903.2734375,14.79896473366167,546.1357561170449,145.85735040159605,2883.7190964722317,92.61359772858796,16.764385281445836,31.549667157961814,120.05717776035183
2012,4,Jiangsu_Xuzhou,13482,154,0.01142263759086189,154,6698506.5,546746.8643188477,16397.158203125,103989.484375,12.251568206696868,408.5163061196413,64.41522948459182,1480.9189691205256,106.47505326704545,7.713209047248183,34.32449774262204,117.50910738727144
2012,5,Jiangsu_Changzhou,4818,155,0.032171025321710255,155,7949536.5,534888.2293701172,14766.515625,54934.890625,14.862051665188726,538.3488361019494,144.70833398514662,2821.521955109927,95.26784274193548,11.402011337691988,31.651482732547414,119.60118605513709
2012,6,Jiangsu_Suzhou,6960,255,0.036637931034482756,251,13209862.0,909194.1070556641,25668.01953125,122068.1015625,14.529198877870911,514.6428217384442,108.21714953301235,2088.9978359288043,100.65890012254901,17.538520339439657,31.44195132902768,120.6975538078631
2012,7,Jiangsu_Nantong,9786,144,0.014714898835070508,138,7365169.0,510354.7668457031,13219.806640625,84441.640625,14.431469006395567,557.131371147785,87.22200262200317,1705.319779840552,91.80421278211806,8.628820828223994,32.21350530807948,120.95831823942517
2012,8,Jiangsu_Lianyungang,8818,72,0.008165116806532093,72,3231368.0,251475.98266601562,6694.11865234375,54295.96875,12.849608800581041,482.71746705126463,59.51395793080863,1326.065298356059,92.97387017144098,6.157401763438421,34.50592614189938,119.08713484257518
2012,9,Jiangsu_Huaian,9745,79,0.00810672139558748,79,3614963.0,272654.1328430176,11016.236328125,56359.1796875,13.258419970774252,328.14864281468067,64.14151199581369,1401.7237376065207,139.44602946993672,5.783394529245767,33.39821736096465,119.0105658323877
2012,10,Jiangsu_Yancheng,17270,110,0.006369426751592357,110,5108777.5,391502.8762817383,12217.9609375,89547.2734375,13.049144232400367,418.1366699511925,57.0511787113842,1228.4014440347544,111.0723721590909,5.185134536045165,33.5087075718737,120.12563476574105
2012,11,Jiangsu_Yangzhou,7233,122,0.016867136734411724,121,5929350.5,443140.9454345703,11867.201171875,53993.13671875,13.380281287673219,499.6418628220804,109.8167445037683,2259.546442643209,97.27214075307377,7.464832948811005,32.732957136188475,119.4689330575752
2012,12,Jiangsu_Zhenjiang,4212,74,0.017568850902184234,74,3753263.25,265126.09481811523,9036.779296875,36870.2890625,14.156521456610507,415.3319591746489,101.79641509286039,2007.0360683790748,122.11863914695945,8.75362988188509,32.05004877211815,119.43787168969979
2012,13,Jiangsu_Taizhou,6623,98,0.014796919824852785,98,4865423.0,350878.94439697266,9352.8330078125,54636.234375,13.86638633549759,520.2084754358248,89.05121400947574,1793.6814482376194,95.43707150829081,8.249469179374906,32.59651959688939,120.01859361694291
2012,14,Jiangsu_Suqian,9405,54,0.005741626794258373,54,2480694.5,189252.54821777344,6637.32470703125,58418.9140625,13.107852567171026,373.749154892494,42.46389272737947,924.3581615061796,122.91342050057871,6.211474116161616,33.771292490437816,118.49384829020626
2012,15,Zhejiang_Hangzhou,18384,114,0.006201044386422976,113,6574319.0,383646.6598510742,17309.71875,97798.6328125,17.13639055935493,379.8050733782142,67.22301540354164,1165.660467039057,151.83963815789474,5.319768973699956,29.902960760769375,119.42732290731314
2012,16,Zhejiang_Ningbo,9637,236,0.024488948843000933,231,10917205.0,857064.0563964844,19202.015625,84602.5078125,12.73791021630432,568.5447409899189,129.04115117007188,2789.5154186567866,81.36447298728814,8.778925787330081,29.726300490831505,121.40836118452712
2012,17,Zhejiang_Wenzhou,12585,166,0.013190305919745729,163,9987825.0,595437.8509521484,31766.634765625,97764.828125,16.77391684796111,314.4124353646653,102.1617404904531,1697.952148882786,191.36526967243975,7.768361392530791,27.91658611468568,120.38204275052409
2012,18,Zhejiang_Jiaxing,4676,48,0.010265183917878529,46,2633700.0,161482.1434020996,6546.75244140625,52960.24609375,16.309543238114813,402.29106317548155,49.729753810770355,906.3401993078093,136.39067586263022,11.32597221850941,30.636614355340335,120.71407290583244
2012,19,Zhejiang_Huzhou,6860,36,0.0052478134110787176,35,1848788.25,122504.94003295898,5316.646484375,32751.94921875,15.091540386066049,347.7357871044034,56.44818992762716,1099.1712206060254,147.68462456597223,4.774336620809038,30.72851771266912,119.84912648005557
2012,20,Zhejiang_Shaoxing,9294,60,0.006455777921239509,60,2917189.0,204514.52255249023,8011.7978515625,55803.41015625,14.263969930307912,364.11165808821244,52.2761779581543,1075.20310733698,133.52996419270832,6.004240386943189,29.707569646153477,120.60140275944579
2012,21,Zhejiang_Jinhua,12538,80,0.006380602966980379,80,4696046.0,275950.7751464844,8790.5791015625,61974.7734375,17.01769454174272,534.2134967155112,75.77350814740524,1290.8478008504217,109.88223876953126,4.9429552909156165,29.115572659438808,119.93810948166113
2012,22,Zhejiang_Quzhou,10687,18,0.0016842893234771217,0,921474.75,63141.43180847168,1427.066650390625,25303.640625,14.593820944623651,645.7124828386737,36.416686581044104,711.3600871416106,79.28148057725694,2.3677028749883036,28.942249141037596,118.66548294306223
2012,23,Zhejiang_Zhoushan,760,17,0.02236842105263158,0,1018347.3125,60719.95735168457,2927.58349609375,7622.20751953125,16.77121257845791,347.84569384913266,133.60267480130562,2230.3250018369304,172.21079388786765,10.029220420435855,29.930222295487553,121.66481981690896
2012,24,Zhejiang_Taizhou,10495,100,0.009528346831824679,99,5400842.0,353901.5197753906,11679.39453125,65448.1171875,15.260861279792561,462.4248273786132,82.52096824309427,1527.9278350133975,116.7939453125,6.236123600524059,28.78030381964947,121.04669890427489
2012,25,Zhejiang_Lishui,19368,12,0.0006195786864931846,0,687124.875,42475.49057006836,2089.28857421875,23679.38671875,16.17697325629485,328.87983186187546,29.017849286439304,506.7698814386128,174.10738118489584,1.2226036100139406,28.192527343951202,119.47800510960715
2012,26,Anhui_Hefei,12801,135,0.010546051089758613,135,7520276.0,471228.5614013672,27303.00390625,90123.0625,15.958871375783678,275.43767805997766,83.44452342595437,1497.9517590183978,202.24447337962962,7.040314233263026,31.8059561424028,117.32441610351175
2012,27,Anhui_Wuhu,6365,26,0.00408483896307934,0,1415638.75,90411.9873046875,4973.09912109375,38868.2578125,15.657644436343507,284.6592668936496,36.42146135875253,668.9263029339695,191.2730431189904,6.106560536135114,31.164408878773543,118.11123309603293
2012,28,Anhui_Bengbu,6577,36,0.005473620191576707,36,1858411.375,128651.16119384766,4685.40234375,37557.4140625,14.445352515705647,396.6385891019565,49.48187784993351,958.5324468849672,130.15006510416666,5.7104172209974156,33.075971492967824,117.30712625015883
2012,29,Anhui_Huainan,2417,46,0.019031857674803476,46,2491442.25,171443.1381225586,5725.517578125,24876.77734375,14.53217829120088,435.14707902021684,100.15132649912734,1849.1141100942066,124.4677734375,10.292419256826644,32.70347454233038,116.81316200965705
2012,30,Anhui_Maanshan,4561,50,0.010962508221881167,49,2827715.0,181526.52740478516,4508.10205078125,27214.75390625,15.57742022847433,627.2517720644677,103.90375050757308,1837.238733528186,90.162041015625,5.9668392690747645,31.641224731748427,118.3057299058898
2012,31,Anhui_Huaibei,3306,37,0.01119177253478524,37,1417449.25,131404.75273132324,3921.201904296875,25476.513671875,10.786894846171872,361.48336265132156,55.637489032292684,1452.318024221911,105.97842984586148,7.706144486350575,33.66128937128523,116.76664541082641
2012,32,Anhui_Tongling,1253,9,0.007182761372705506,0,546161.25,32489.120960235596,1741.791259765625,8926.0712890625,16.81058870963185,313.5629754356968,61.18719337019355,1008.2823348081578,193.53236219618054,7.123760007232642,31.135937536114692,117.83803087401012
2012,33,Anhui_Anqing,16820,34,0.0020214030915576696,34,1764695.75,121730.40390014648,4680.8662109375,62379.3203125,14.496754249230552,377.001962986368,28.289755982582868,545.0524281071214,137.6725356158088,3.7086397332045182,30.652154436099703,116.56293238294478
2012,34,Anhui_Huangshan,11250,12,0.0010666666666666667,0,563471.3125,40771.22211456299,1126.5101318359375,16383.984375,13.820319413450568,500.19196150653244,34.39159239920845,732.422573492597,93.87584431966145,1.4563541666666666,29.951300817098428,118.02958050176348
2012,35,Anhui_Chuzhou,15635,46,0.0029421170450911415,46,1885189.375,166617.98477172852,5597.9912109375,47667.32421875,11.314441100597659,336.761760418035,39.548881878678195,965.0216527552818,121.69546110733695,3.0487575451710907,32.528067108118144,118.07782843365027
2012,36,Anhui_Fuyang,12558,65,0.005175983436853002,65,3293670.75,234093.81866455078,8965.29296875,94418.984375,14.069874927879786,367.3801582927217,34.88356469625497,688.4208766940574,137.9275841346154,7.518632296145883,32.89321331954427,115.68649298440187
2012,37,Anhui_Suzhou,11938,55,0.0046071368738482155,55,2073682.5,193687.0574951172,6872.35986328125,64684.859375,10.706355534634922,301.7424205445941,32.05823619369969,850.2762552384385,124.95199751420455,5.418400014659072,33.81021621747854,117.17245163670843
2012,38,Anhui_Lu'an,21692,25,0.0011524986170016597,0,1113999.75,88606.57691955566,3274.59521484375,68785.765625,12.572427338112616,340.1946429745685,16.195207538623656,363.4472884447159,130.98380859375,3.171019990088512,31.753773065560694,116.28652963739101
2012,39,Anhui_Bozhou,10768,43,0.003993313521545319,43,1919291.25,157291.98455810547,3688.871337890625,61685.0703125,12.202091895477304,520.2922721337013,31.11435620121309,697.0892597213492,85.78770553234011,5.728554078055349,33.42234822290941,116.15788415359076
2012,40,Anhui_Chizhou,9456,5,0.0005287648054145516,0,290359.28125,17785.664796829224,713.9486083984375,16599.599609375,16.325466861478485,406.6949327085984,17.49194487112888,301.2120844876365,142.7897216796875,1.7554568114821278,30.278283798271122,117.36728775763781
2012,41,Anhui_Xuancheng,13596,19,0.001397469844071786,0,888699.1875,67927.23178863525,3065.635009765625,29291.517578125,13.083106202020824,289.89073541665454,30.339813740606033,648.6519501532847,161.34921104029604,2.1544217106593853,30.68143788152658,118.83135523192556
2013,1,Shanghai_Shanghai,6943,661,0.0952038023908973,657,42204684.0,2334136.6577148438,125417.15625,265312.9375,18.08149658268897,336.51443918782047,159.07510729664287,2491.397540687212,189.73851172465962,38.213011306351724,31.174937991002842,121.39731959211504
2013,2,Jiangsu_Nanjing,7264,189,0.026018722466960353,185,11865486.0,681306.7626953125,33483.70703125,95073.15625,17.415776049336486,354.3659604035498,124.80374553674292,1987.9428374399845,177.1624710648148,13.088264902257709,31.935716790867197,118.82972083372556
2013,3,Jiangsu_Wuxi,4468,216,0.048343777976723366,208,10925193.0,738240.3564453125,20004.537109375,74903.2734375,14.79896473366167,546.1357561170449,145.85735040159605,2883.7190964722317,92.61359772858796,16.764385281445836,31.549667157961814,120.05717776035183
2013,4,Jiangsu_Xuzhou,13482,154,0.01142263759086189,153,6698506.5,546746.8643188477,16397.158203125,103989.484375,12.251568206696868,408.5163061196413,64.41522948459182,1480.9189691205256,106.47505326704545,7.713209047248183,34.32449774262204,117.50910738727144
2013,5,Jiangsu_Changzhou,4818,155,0.032171025321710255,149,7949536.5,534888.2293701172,14766.515625,54934.890625,14.862051665188726,538.3488361019494,144.70833398514662,2821.521955109927,95.26784274193548,11.402011337691988,31.651482732547414,119.60118605513709
2013,6,Jiangsu_Suzhou,6960,255,0.036637931034482756,244,13209862.0,909194.1070556641,25668.01953125,122068.1015625,14.529198877870911,514.6428217384442,108.21714953301235,2088.9978359288043,100.65890012254901,17.538520339439657,31.44195132902768,120.6975538078631
2013,7,Jiangsu_Nantong,9786,144,0.014714898835070508,138,7365169.0,510354.7668457031,13219.806640625,84441.640625,14.431469006395567,557.131371147785,87.22200262200317,1705.319779840552,91.80421278211806,8.628820828223994,32.21350530807948,120.95831823942517
2013,8,Jiangsu_Lianyungang,8818,72,0.008165116806532093,72,3231368.0,251475.98266601562,6694.11865234375,54295.96875,12.849608800581041,482.71746705126463,59.51395793080863,1326.065298356059,92.97387017144098,6.157401763438421,34.50592614189938,119.08713484257518
2013,9,Jiangsu_Huaian,9745,79,0.00810672139558748,79,3614963.0,272654.1328430176,11016.236328125,56359.1796875,13.258419970774252,328.14864281468067,64.14151199581369,1401.7237376065207,139.44602946993672,5.783394529245767,33.39821736096465,119.0105658323877
2013,10,Jiangsu_Yancheng,17270,110,0.006369426751592357,109,5108777.5,391502.8762817383,12217.9609375,89547.2734375,13.049144232400367,418.1366699511925,57.0511787113842,1228.4014440347544,111.0723721590909,5.185134536045165,33.5087075718737,120.12563476574105
2013,11,Jiangsu_Yangzhou,7233,122,0.016867136734411724,119,5929350.5,443140.9454345703,11867.201171875,53993.13671875,13.380281287673219,499.6418628220804,109.8167445037683,2259.546442643209,97.27214075307377,7.464832948811005,32.732957136188475,119.4689330575752
2013,12,Jiangsu_Zhenjiang,4212,74,0.017568850902184234,71,3753263.25,265126.09481811523,9036.779296875,36870.2890625,14.156521456610507,415.3319591746489,101.79641509286039,2007.0360683790748,122.11863914695945,8.75362988188509,32.05004877211815,119.43787168969979
2013,13,Jiangsu_Taizhou,6623,98,0.014796919824852785,94,4865423.0,350878.94439697266,9352.8330078125,54636.234375,13.86638633549759,520.2084754358248,89.05121400947574,1793.6814482376194,95.43707150829081,8.249469179374906,32.59651959688939,120.01859361694291
2013,14,Jiangsu_Suqian,9405,54,0.005741626794258373,54,2480694.5,189252.54821777344,6637.32470703125,58418.9140625,13.107852567171026,373.749154892494,42.46389272737947,924.3581615061796,122.91342050057871,6.211474116161616,33.771292490437816,118.49384829020626
2013,15,Zhejiang_Hangzhou,18384,114,0.006201044386422976,107,6574319.0,383646.6598510742,17309.71875,97798.6328125,17.13639055935493,379.8050733782142,67.22301540354164,1165.660467039057,151.83963815789474,5.319768973699956,29.902960760769375,119.42732290731314
2013,16,Zhejiang_Ningbo,9637,236,0.024488948843000933,231,10917205.0,857064.0563964844,19202.015625,84602.5078125,12.73791021630432,568.5447409899189,129.04115117007188,2789.5154186567866,81.36447298728814,8.778925787330081,29.726300490831505,121.40836118452712
2013,17,Zhejiang_Wenzhou,12585,166,0.013190305919745729,161,9987825.0,595437.8509521484,31766.634765625,97764.828125,16.77391684796111,314.4124353646653,102.1617404904531,1697.952148882786,191.36526967243975,7.768361392530791,27.91658611468568,120.38204275052409
2013,18,Zhejiang_Jiaxing,4676,48,0.010265183917878529,47,2633700.0,161482.1434020996,6546.75244140625,52960.24609375,16.309543238114813,402.29106317548155,49.729753810770355,906.3401993078093,136.39067586263022,11.32597221850941,30.636614355340335,120.71407290583244
2013,19,Zhejiang_Huzhou,6860,36,0.0052478134110787176,36,1848788.25,122504.94003295898,5316.646484375,32751.94921875,15.091540386066049,347.7357871044034,56.44818992762716,1099.1712206060254,147.68462456597223,4.774336620809038,30.72851771266912,119.84912648005557
2013,20,Zhejiang_Shaoxing,9294,60,0.006455777921239509,60,2917189.0,204514.52255249023,8011.7978515625,55803.41015625,14.263969930307912,364.11165808821244,52.2761779581543,1075.20310733698,133.52996419270832,6.004240386943189,29.707569646153477,120.60140275944579
2013,21,Zhejiang_Jinhua,12538,80,0.006380602966980379,78,4696046.0,275950.7751464844,8790.5791015625,61974.7734375,17.01769454174272,534.2134967155112,75.77350814740524,1290.8478008504217,109.88223876953126,4.9429552909156165,29.115572659438808,119.93810948166113
2013,22,Zhejiang_Quzhou,10687,18,0.0016842893234771217,0,921474.75,63141.43180847168,1427.066650390625,25303.640625,14.593820944623651,645.7124828386737,36.416686581044104,711.3600871416106,79.28148057725694,2.3677028749883036,28.942249141037596,118.66548294306223
2013,23,Zhejiang_Zhoushan,760,17,0.02236842105263158,0,1018347.3125,60719.95735168457,2927.58349609375,7622.20751953125,16.77121257845791,347.84569384913266,133.60267480130562,2230.3250018369304,172.21079388786765,10.029220420435855,29.930222295487553,121.66481981690896
2013,24,Zhejiang_Taizhou,10495,100,0.009528346831824679,99,5400842.0,353901.5197753906,11679.39453125,65448.1171875,15.260861279792561,462.4248273786132,82.52096824309427,1527.9278350133975,116.7939453125,6.236123600524059,28.78030381964947,121.04669890427489
2013,25,Zhejiang_Lishui,19368,12,0.0006195786864931846,0,687124.875,42475.49057006836,2089.28857421875,23679.38671875,16.17697325629485,328.87983186187546,29.017849286439304,506.7698814386128,174.10738118489584,1.2226036100139406,28.192527343951202,119.47800510960715
2013,26,Anhui_Hefei,12801,135,0.010546051089758613,134,7520276.0,471228.5614013672,27303.00390625,90123.0625,15.958871375783678,275.43767805997766,83.44452342595437,1497.9517590183978,202.24447337962962,7.040314233263026,31.8059561424028,117.32441610351175
2013,27,Anhui_Wuhu,6365,26,0.00408483896307934,0,1415638.75,90411.9873046875,4973.09912109375,38868.2578125,15.657644436343507,284.6592668936496,36.42146135875253,668.9263029339695,191.2730431189904,6.106560536135114,31.164408878773543,118.11123309603293
2013,28,Anhui_Bengbu,6577,36,0.005473620191576707,34,1858411.375,128651.16119384766,4685.40234375,37557.4140625,14.445352515705647,396.6385891019565,49.48187784993351,958.5324468849672,130.15006510416666,5.7104172209974156,33.075971492967824,117.30712625015883
2013,29,Anhui_Huainan,2417,46,0.019031857674803476,46,2491442.25,171443.1381225586,5725.517578125,24876.77734375,14.53217829120088,435.14707902021684,100.15132649912734,1849.1141100942066,124.4677734375,10.292419256826644,32.70347454233038,116.81316200965705
2013,30,Anhui_Maanshan,4561,50,0.010962508221881167,50,2827715.0,181526.52740478516,4508.10205078125,27214.75390625,15.57742022847433,627.2517720644677,103.90375050757308,1837.238733528186,90.162041015625,5.9668392690747645,31.641224731748427,118.3057299058898
2013,31,Anhui_Huaibei,3306,37,0.01119177253478524,37,1417449.25,131404.75273132324,3921.201904296875,25476.513671875,10.786894846171872,361.48336265132156,55.637489032292684,1452.318024221911,105.97842984586148,7.706144486350575,33.66128937128523,116.76664541082641
2013,32,Anhui_Tongling,1253,9,0.007182761372705506,0,546161.25,32489.120960235596,1741.791259765625,8926.0712890625,16.81058870963185,313.5629754356968,61.18719337019355,1008.2823348081578,193.53236219618054,7.123760007232642,31.135937536114692,117.83803087401012
2013,33,Anhui_Anqing,16820,34,0.0020214030915576696,33,1764695.75,121730.40390014648,4680.8662109375,62379.3203125,14.496754249230552,377.001962986368,28.289755982582868,545.0524281071214,137.6725356158088,3.7086397332045182,30.652154436099703,116.56293238294478
2013,34,Anhui_Huangshan,11250,12,0.0010666666666666667,0,563471.3125,40771.22211456299,1126.5101318359375,16383.984375,13.820319413450568,500.19196150653244,34.39159239920845,732.422573492597,93.87584431966145,1.4563541666666666,29.951300817098428,118.02958050176348
2013,35,Anhui_Chuzhou,15635,46,0.0029421170450911415,45,1885189.375,166617.98477172852,5597.9912109375,47667.32421875,11.314441100597659,336.761760418035,39.548881878678195,965.0216527552818,121.69546110733695,3.0487575451710907,32.528067108118144,118.07782843365027
2013,36,Anhui_Fuyang,12558,65,0.005175983436853002,65,3293670.75,234093.81866455078,8965.29296875,94418.984375,14.069874927879786,367.3801582927217,34.88356469625497,688.4208766940574,137.9275841346154,7.518632296145883,32.89321331954427,115.68649298440187
2013,37,Anhui_Suzhou,11938,55,0.0046071368738482155,55,2073682.5,193687.0574951172,6872.35986328125,64684.859375,10.706355534634922,301.7424205445941,32.05823619369969,850.2762552384385,124.95199751420455,5.418400014659072,33.81021621747854,117.17245163670843
2013,38,Anhui_Lu'an,21692,25,0.0011524986170016597,0,1113999.75,88606.57691955566,3274.59521484375,68785.765625,12.572427338112616,340.1946429745685,16.195207538623656,363.4472884447159,130.98380859375,3.171019990088512,31.753773065560694,116.28652963739101
2013,39,Anhui_Bozhou,10768,43,0.003993313521545319,43,1919291.25,157291.98455810547,3688.871337890625,61685.0703125,12.202091895477304,520.2922721337013,31.11435620121309,697.0892597213492,85.78770553234011,5.728554078055349,33.42234822290941,116.15788415359076
2013,40,Anhui_Chizhou,9456,5,0.0005287648054145516,0,290359.28125,17785.664796829224,713.9486083984375,16599.599609375,16.325466861478485,406.6949327085984,17.49194487112888,301.2120844876365,142.7897216796875,1.7554568114821278,30.278283798271122,117.36728775763781
2013,41,Anhui_Xuancheng,13596,19,0.001397469844071786,0,888699.1875,67927.23178863525,3065.635009765625,29291.517578125,13.083106202020824,289.89073541665454,30.339813740606033,648.6519501532847,161.34921104029604,2.1544217106593853,30.68143788152658,118.83135523192556
2014,1,Shanghai_Shanghai,6943,661,0.0952038023908973,660,42204684.0,2334136.6577148438,125417.15625,265312.9375,18.08149658268897,336.51443918782047,159.07510729664287,2491.397540687212,189.73851172465962,38.213011306351724,31.174937991002842,121.39731959211504
2014,2,Jiangsu_Nanjing,7264,189,0.026018722466960353,189,11865486.0,681306.7626953125,33483.70703125,95073.15625,17.415776049336486,354.3659604035498,124.80374553674292,1987.9428374399845,177.1624710648148,13.088264902257709,31.935716790867197,118.82972083372556
2014,3,Jiangsu_Wuxi,4468,216,0.048343777976723366,214,10925193.0,738240.3564453125,20004.537109375,74903.2734375,14.79896473366167,546.1357561170449,145.85735040159605,2883.7190964722317,92.61359772858796,16.764385281445836,31.549667157961814,120.05717776035183
2014,4,Jiangsu_Xuzhou,13482,154,0.01142263759086189,154,6698506.5,546746.8643188477,16397.158203125,103989.484375,12.251568206696868,408.5163061196413,64.41522948459182,1480.9189691205256,106.47505326704545,7.713209047248183,34.32449774262204,117.50910738727144
2014,5,Jiangsu_Changzhou,4818,155,0.032171025321710255,155,7949536.5,534888.2293701172,14766.515625,54934.890625,14.862051665188726,538.3488361019494,144.70833398514662,2821.521955109927,95.26784274193548,11.402011337691988,31.651482732547414,119.60118605513709
2014,6,Jiangsu_Suzhou,6960,255,0.036637931034482756,252,13209862.0,909194.1070556641,25668.01953125,122068.1015625,14.529198877870911,514.6428217384442,108.21714953301235,2088.9978359288043,100.65890012254901,17.538520339439657,31.44195132902768,120.6975538078631
2014,7,Jiangsu_Nantong,9786,144,0.014714898835070508,139,7365169.0,510354.7668457031,13219.806640625,84441.640625,14.431469006395567,557.131371147785,87.22200262200317,1705.319779840552,91.80421278211806,8.628820828223994,32.21350530807948,120.95831823942517
2014,8,Jiangsu_Lianyungang,8818,72,0.008165116806532093,72,3231368.0,251475.98266601562,6694.11865234375,54295.96875,12.849608800581041,482.71746705126463,59.51395793080863,1326.065298356059,92.97387017144098,6.157401763438421,34.50592614189938,119.08713484257518
2014,9,Jiangsu_Huaian,9745,79,0.00810672139558748,78,3614963.0,272654.1328430176,11016.236328125,56359.1796875,13.258419970774252,328.14864281468067,64.14151199581369,1401.7237376065207,139.44602946993672,5.783394529245767,33.39821736096465,119.0105658323877
2014,10,Jiangsu_Yancheng,17270,110,0.006369426751592357,108,5108777.5,391502.8762817383,12217.9609375,89547.2734375,13.049144232400367,418.1366699511925,57.0511787113842,1228.4014440347544,111.0723721590909,5.185134536045165,33.5087075718737,120.12563476574105
2014,11,Jiangsu_Yangzhou,7233,122,0.016867136734411724,122,5929350.5,443140.9454345703,11867.201171875,53993.13671875,13.380281287673219,499.6418628220804,109.8167445037683,2259.546442643209,97.27214075307377,7.464832948811005,32.732957136188475,119.4689330575752
2014,12,Jiangsu_Zhenjiang,4212,74,0.017568850902184234,74,3753263.25,265126.09481811523,9036.779296875,36870.2890625,14.156521456610507,415.3319591746489,101.79641509286039,2007.0360683790748,122.11863914695945,8.75362988188509,32.05004877211815,119.43787168969979
2014,13,Jiangsu_Taizhou,6623,98,0.014796919824852785,98,4865423.0,350878.94439697266,9352.8330078125,54636.234375,13.86638633549759,520.2084754358248,89.05121400947574,1793.6814482376194,95.43707150829081,8.249469179374906,32.59651959688939,120.01859361694291
2014,14,Jiangsu_Suqian,9405,54,0.005741626794258373,54,2480694.5,189252.54821777344,6637.32470703125,58418.9140625,13.107852567171026,373.749154892494,42.46389272737947,924.3581615061796,122.91342050057871,6.211474116161616,33.771292490437816,118.49384829020626
2014,15,Zhejiang_Hangzhou,18384,114,0.006201044386422976,112,6574319.0,383646.6598510742,17309.71875,97798.6328125,17.13639055935493,379.8050733782142,67.22301540354164,1165.660467039057,151.83963815789474,5.319768973699956,29.902960760769375,119.42732290731314
2014,16,Zhejiang_Ningbo,9637,236,0.024488948843000933,230,10917205.0,857064.0563964844,19202.015625,84602.5078125,12.73791021630432,568.5447409899189,129.04115117007188,2789.5154186567866,81.36447298728814,8.778925787330081,29.726300490831505,121.40836118452712
2014,17,Zhejiang_Wenzhou,12585,166,0.013190305919745729,165,9987825.0,595437.8509521484,31766.634765625,97764.828125,16.77391684796111,314.4124353646653,102.1617404904531,1697.952148882786,191.36526967243975,7.768361392530791,27.91658611468568,120.38204275052409
2014,18,Zhejiang_Jiaxing,4676,48,0.010265183917878529,45,2633700.0,161482.1434020996,6546.75244140625,52960.24609375,16.309543238114813,402.29106317548155,49.729753810770355,906.3401993078093,136.39067586263022,11.32597221850941,30.636614355340335,120.71407290583244
2014,19,Zhejiang_Huzhou,6860,36,0.0052478134110787176,33,1848788.25,122504.94003295898,5316.646484375,32751.94921875,15.091540386066049,347.7357871044034,56.44818992762716,1099.1712206060254,147.68462456597223,4.774336620809038,30.72851771266912,119.84912648005557
2014,20,Zhejiang_Shaoxing,9294,60,0.006455777921239509,57,2917189.0,204514.52255249023,8011.7978515625,55803.41015625,14.263969930307912,364.11165808821244,52.2761779581543,1075.20310733698,133.52996419270832,6.004240386943189,29.707569646153477,120.60140275944579
2014,21,Zhejiang_Jinhua,12538,80,0.006380602966980379,78,4696046.0,275950.7751464844,8790.5791015625,61974.7734375,17.01769454174272,534.2134967155112,75.77350814740524,1290.8478008504217,109.88223876953126,4.9429552909156165,29.115572659438808,119.93810948166113
2014,22,Zhejiang_Quzhou,10687,18,0.0016842893234771217,0,921474.75,63141.43180847168,1427.066650390625,25303.640625,14.593820944623651,645.7124828386737,36.416686581044104,711.3600871416106,79.28148057725694,2.3677028749883036,28.942249141037596,118.66548294306223
2014,23,Zhejiang_Zhoushan,760,17,0.02236842105263158,0,1018347.3125,60719.95735168457,2927.58349609375,7622.20751953125,16.77121257845791,347.84569384913266,133.60267480130562,2230.3250018369304,172.21079388786765,10.029220420435855,29.930222295487553,121.66481981690896
2014,24,Zhejiang_Taizhou,10495,100,0.009528346831824679,99,5400842.0,353901.5197753906,11679.39453125,65448.1171875,15.260861279792561,462.4248273786132,82.52096824309427,1527.9278350133975,116.7939453125,6.236123600524059,28.78030381964947,121.04669890427489
2014,25,Zhejiang_Lishui,19368,12,0.0006195786864931846,0,687124.875,42475.49057006836,2089.28857421875,23679.38671875,16.17697325629485,328.87983186187546,29.017849286439304,506.7698814386128,174.10738118489584,1.2226036100139406,28.192527343951202,119.47800510960715
2014,26,Anhui_Hefei,12801,135,0.010546051089758613,135,7520276.0,471228.5614013672,27303.00390625,90123.0625,15.958871375783678,275.43767805997766,83.44452342595437,1497.9517590183978,202.24447337962962,7.040314233263026,31.8059561424028,117.32441610351175
2014,27,Anhui_Wuhu,6365,26,0.00408483896307934,0,1415638.75,90411.9873046875,4973.09912109375,38868.2578125,15.657644436343507,284.6592668936496,36.42146135875253,668.9263029339695,191.2730431189904,6.106560536135114,31.164408878773543,118.11123309603293
2014,28,Anhui_Bengbu,6577,36,0.005473620191576707,34,1858411.375,128651.16119384766,4685.40234375,37557.4140625,14.445352515705647,396.6385891019565,49.48187784993351,958.5324468849672,130.15006510416666,5.7104172209974156,33.075971492967824,117.30712625015883
2014,29,Anhui_Huainan,2417,46,0.019031857674803476,46,2491442.25,171443.1381225586,5725.517578125,24876.77734375,14.53217829120088,435.14707902021684,100.15132649912734,1849.1141100942066,124.4677734375,10.292419256826644,32.70347454233038,116.81316200965705
2014,30,Anhui_Maanshan,4561,50,0.010962508221881167,50,2827715.0,181526.52740478516,4508.10205078125,27214.75390625,15.57742022847433,627.2517720644677,103.90375050757308,1837.238733528186,90.162041015625,5.9668392690747645,31.641224731748427,118.3057299058898
2014,31,Anhui_Huaibei,3306,37,0.01119177253478524,37,1417449.25,131404.75273132324,3921.201904296875,25476.513671875,10.786894846171872,361.48336265132156,55.637489032292684,1452.318024221911,105.97842984586148,7.706144486350575,33.66128937128523,116.76664541082641
2014,32,Anhui_Tongling,1253,9,0.007182761372705506,0,546161.25,32489.120960235596,1741.791259765625,8926.0712890625,16.81058870963185,313.5629754356968,61.18719337019355,1008.2823348081578,193.53236219618054,7.123760007232642,31.135937536114692,117.83803087401012
2014,33,Anhui_Anqing,16820,34,0.0020214030915576696,34,1764695.75,121730.40390014648,4680.8662109375,62379.3203125,14.496754249230552,377.001962986368,28.289755982582868,545.0524281071214,137.6725356158088,3.7086397332045182,30.652154436099703,116.56293238294478
2014,34,Anhui_Huangshan,11250,12,0.0010666666666666667,0,563471.3125,40771.22211456299,1126.5101318359375,16383.984375,13.820319413450568,500.19196150653244,34.39159239920845,732.422573492597,93.87584431966145,1.4563541666666666,29.951300817098428,118.02958050176348
2014,35,Anhui_Chuzhou,15635,46,0.0029421170450911415,46,1885189.375,166617.98477172852,5597.9912109375,47667.32421875,11.314441100597659,336.761760418035,39.548881878678195,965.0216527552818,121.69546110733695,3.0487575451710907,32.528067108118144,118.07782843365027
2014,36,Anhui_Fuyang,12558,65,0.005175983436853002,65,3293670.75,234093.81866455078,8965.29296875,94418.984375,14.069874927879786,367.3801582927217,34.88356469625497,688.4208766940574,137.9275841346154,7.518632296145883,32.89321331954427,115.68649298440187
2014,37,Anhui_Suzhou,11938,55,0.0046071368738482155,55,2073682.5,193687.0574951172,6872.35986328125,64684.859375,10.706355534634922,301.7424205445941,32.05823619369969,850.2762552384385,124.95199751420455,5.418400014659072,33.81021621747854,117.17245163670843
2014,38,Anhui_Lu'an,21692,25,0.0011524986170016597,0,1113999.75,88606.57691955566,3274.59521484375,68785.765625,12.572427338112616,340.1946429745685,16.195207538623656,363.4472884447159,130.98380859375,3.171019990088512,31.753773065560694,116.28652963739101
2014,39,Anhui_Bozhou,10768,43,0.003993313521545319,43,1919291.25,157291.98455810547,3688.871337890625,61685.0703125,12.202091895477304,520.2922721337013,31.11435620121309,697.0892597213492,85.78770553234011,5.728554078055349,33.42234822290941,116.15788415359076
2014,40,Anhui_Chizhou,9456,5,0.0005287648054145516,0,290359.28125,17785.664796829224,713.9486083984375,16599.599609375,16.325466861478485,406.6949327085984,17.49194487112888,301.2120844876365,142.7897216796875,1.7554568114821278,30.278283798271122,117.36728775763781
2014,41,Anhui_Xuancheng,13596,19,0.001397469844071786,0,888699.1875,67927.23178863525,3065.635009765625,29291.517578125,13.083106202020824,289.89073541665454,30.339813740606033,648.6519501532847,161.34921104029604,2.1544217106593853,30.68143788152658,118.83135523192556
2015,1,Shanghai_Shanghai,6943,910,0.131067261990494,893,53724040.0,3196791.9921875,162730.6875,304294.1875,16.805610165219953,330.14080395868785,176.55296159740152,2990.527053692079,178.8249313186813,43.827479115656054,31.174937991002842,121.39731959211504
2015,2,Jiangsu_Nanjing,7264,260,0.03579295154185022,260,15161746.0,928264.16015625,42067.78125,106498.90625,16.33343896143518,360.41230484433976,142.36527429125593,2441.3396264339567,161.79915865384615,14.661193041024228,31.935716790867197,118.82972083372556
2015,3,Jiangsu_Wuxi,4468,421,0.09422560429722471,413,20848380.0,1465927.734375,31500.37890625,77621.046875,14.221969822331475,661.8453721476812,268.5918425394852,5423.786678347347,74.82275274643706,17.372660446508505,31.549667157961814,120.05717776035183
2015,4,Jiangsu_Xuzhou,13482,211,0.015650496958908175,211,8745578.0,755142.822265625,18315.33984375,104121.71875,11.58135619135065,477.50017606058105,83.99379212130034,2026.4744237138325,86.80255850118483,7.723017263759086,34.32449774262204,117.50910738727144
2015,5,Jiangsu_Changzhou,4818,289,0.059983395599833955,283,14176180.0,1014637.451171875,22642.369140625,58725.7109375,13.971670357354688,626.0908437609146,241.39648160389714,4921.183505255031,78.34729806444636,12.188815055520964,31.651482732547414,119.60118605513709
2015,6,Jiangsu_Suzhou,6960,560,0.08045977011494253,537,26557964.0,1970622.4060058594,43984.515625,141807.1875,13.476942066150968,603.8025796720366,187.28221374533643,3949.024093013621,78.54377790178572,20.374595905172413,31.44195132902768,120.6975538078631
2015,7,Jiangsu_Nantong,9786,262,0.026772940936031064,236,12213692.0,925849.6856689453,18634.48046875,88579.5546875,13.191873571977679,655.4350694392766,137.88387222185423,2957.79314904337,71.12397125477099,9.051661014459432,32.21350530807948,120.95831823942517
2015,8,Jiangsu_Lianyungang,8818,111,0.012587888410070311,110,4530337.5,384524.04022216797,9503.6591796875,56686.60546875,11.78167559402135,476.6940200973165,79.91901195243503,1958.1345378176102,85.61855116835585,6.428510486363121,34.50592614189938,119.08713484257518
2015,9,Jiangsu_Huaian,9745,126,0.0129297075423294,126,5412696.0,438833.50372314453,14685.5625,61074.91796875,12.334281576218968,368.57260319446397,88.62387670777547,2063.0400202006003,116.55208333333333,6.267308154822986,33.39821736096465,119.0105658323877
2015,10,Jiangsu_Yancheng,17270,191,0.011059640995946729,191,8350805.5,672665.1000976562,17279.56640625,90994.625,12.41450686052784,483.2763336572799,91.77251403585652,2099.0250797780636,90.46893406413612,5.268941806601042,33.5087075718737,120.12563476574105
2015,11,Jiangsu_Yangzhou,7233,200,0.027651043826904465,200,9200668.0,719585.2661132812,14819.107421875,53466.02734375,12.786070578815295,620.8651937038106,172.08437688564356,3740.693108057884,74.095537109375,7.391957326662519,32.732957136188475,119.4689330575752
2015,12,Jiangsu_Zhenjiang,4212,124,0.029439696106362774,122,5975326.0,445725.9750366211,11252.9638671875,37603.61328125,13.405828546359821,531.000194306448,158.90297443781634,3297.5554522530197,90.74970860635081,8.927733447590219,32.05004877211815,119.43787168969979
2015,13,Jiangsu_Taizhou,6623,190,0.02868790578287785,178,8916646.0,680250.8544921875,14436.484375,56796.9921875,13.107879161219643,617.6466353152549,156.99151762410395,3345.2475682649897,75.98149671052632,8.575719792767629,32.59651959688939,120.01859361694291
2015,14,Jiangsu_Suqian,9405,100,0.01063264221158958,100,4197403.5,353403.09143066406,9177.7109375,60701.98046875,11.877098989168038,457.34753781026893,69.14771919444813,1647.3927082408954,91.777109375,6.454224398591175,33.771292490437816,118.49384829020626
2015,15,Zhejiang_Hangzhou,18384,233,0.012674064403829417,226,12249486.0,786304.5501708984,24381.90234375,100785.109375,15.578551589632351,502.4007490186673,121.54063309513573,2311.849453206986,104.64335769849785,5.482218743200609,29.902960760769375,119.42732290731314
2015,16,Zhejiang_Ningbo,9637,371,0.038497457715056554,368,16955576.0,1339549.4079589844,28965.23046875,92974.6015625,12.657671228293479,585.3768717046124,182.3678264284038,3990.337078783865,78.07339748989219,9.647670598993463,29.726300490831505,121.40836118452712
2015,17,Zhejiang_Wenzhou,12585,204,0.016209773539928488,200,11936334.0,731416.7785644531,36469.6875,101095.640625,16.319469760356554,327.2946608056348,118.06972017988535,2017.8911646320062,178.77297794117646,8.033026668653159,27.91658611468568,120.38204275052409
2015,18,Zhejiang_Jiaxing,4676,139,0.029726261762189905,133,6841303.5,470799.7131347656,11657.509765625,57007.91015625,14.53123973769646,586.8580543825274,120.00621459809751,2438.2581227591427,83.8669767311151,12.191597552662532,30.636614355340335,120.71407290583244
2015,19,Zhejiang_Huzhou,6860,86,0.012536443148688046,83,4148649.75,298909.3017578125,8097.92333984375,34090.546875,13.879292901233939,512.3103264743982,121.69501900957698,2522.6934702847884,94.16189930050872,4.969467474489796,30.72851771266912,119.84912648005557
2015,20,Zhejiang_Shaoxing,9294,127,0.013664729933290294,124,5886407.5,436755.5236816406,12382.1171875,58201.34375,13.47757997513207,475.39588027340335,101.13868719740685,2182.0802032599117,97.49698572834646,6.262249166128685,29.707569646153477,120.60140275944579
2015,21,Zhejiang_Jinhua,12538,157,0.012521933322698995,157,8622238.0,541994.0948486328,14852.05859375,67435.296875,15.908361515281829,580.541609472803,127.85942080128197,2328.1576158998705,94.59909932324841,5.3784731914978465,29.115572659438808,119.93810948166113
2015,22,Zhejiang_Quzhou,10687,31,0.0029007205015439317,31,1512965.25,107390.71846008301,2231.78515625,27263.90234375,14.088417245875558,677.9170682101807,55.493349078358676,1137.0345891481109,71.99306955645162,2.5511277574389446,28.942249141037596,118.66548294306223
2015,23,Zhejiang_Zhoushan,760,23,0.030263157894736843,0,1318229.0,81637.87841796875,3543.204345703125,7925.09375,16.147271653128282,372.0443054882307,166.3360764659724,2902.1738701829236,154.0523628566576,10.427754934210526,29.930222295487553,121.66481981690896
2015,24,Zhejiang_Taizhou,10495,157,0.014959504525964746,151,8239053.0,558888.3972167969,15630.173828125,67895.6328125,14.741857302870454,527.1248477847772,121.34879164839509,2312.372585635513,99.55524731289809,6.46933137803716,28.78030381964947,121.04669890427489
2015,25,Zhejiang_Lishui,19368,25,0.0012907889301941346,0,1294913.375,87303.40003967285,3519.192138671875,24414.26171875,14.832336133662135,367.9575663887149,53.039219039972636,1023.9916442281831,140.767685546875,1.2605463506169972,28.192527343951202,119.47800510960715
2015,26,Anhui_Hefei,12801,220,0.01718615733145848,220,11190802.0,772080.6884765625,37051.23828125,97463.2421875,14.494342582355252,302.0358433111579,114.82074419883457,2257.2612511367465,168.41471946022727,7.6137209739473475,31.8059561424028,117.32441610351175
2015,27,Anhui_Wuhu,6365,52,0.00816967792615868,52,2437147.5,176359.02404785156,7976.5400390625,42174.4453125,13.819238982286087,305.53943038772024,57.78730418246091,1232.974129587137,153.39500075120193,6.6259929791830325,31.164408878773543,118.11123309603293
2015,28,Anhui_Bengbu,6577,50,0.007602250266078759,48,2524648.25,178035.6216430664,4887.11767578125,36541.2578125,14.180579294752176,516.592482008613,69.09034885866383,1368.3163359225157,97.742353515625,5.555915738558613,33.075971492967824,117.30712625015883
2015,29,Anhui_Huainan,2417,59,0.0244104261481175,57,3169628.0,216309.37576293945,6928.39453125,25930.57421875,14.653215972818947,457.48376275392985,122.23516429914193,2275.3063430943234,117.43041578389831,10.728412999069095,32.70347454233038,116.81316200965705
2015,30,Anhui_Maanshan,4561,73,0.016005262003946502,73,3818788.5,264757.6332092285,6379.17041015625,28718.158203125,14.423714450499517,598.6340314596587,132.97470098846568,2541.945743305238,87.38589602953768,6.296460908380838,31.641224731748427,118.3057299058898
2015,31,Anhui_Huaibei,3306,53,0.01603145795523291,53,1987108.875,186418.5333251953,5391.37353515625,26057.0,10.65939549869548,368.5719162366313,76.26007886556395,2034.00237939901,101.72402896521227,7.88173018753781,33.66128937128523,116.76664541082641
2015,32,Anhui_Tongling,1253,21,0.01675977653631285,0,1088104.5,70852.83279418945,2362.266845703125,8951.0478515625,15.357247651066874,460.61879164042006,121.56168954119264,2346.0940381783603,112.48889741443452,7.143693417049082,31.135937536114692,117.83803087401012
2015,33,Anhui_Anqing,16820,56,0.0033293697978596906,55,2714693.0,199174.15618896484,6020.01171875,62634.3125,13.629745203611945,450.94480323763906,43.341946157707085,894.0786250348002,107.50020926339286,3.7237997919143875,30.652154436099703,116.56293238294478
2015,34,Anhui_Huangshan,11250,18,0.0016,0,796103.1875,61674.40891265869,1482.6348876953125,16781.91796875,12.908160800169414,536.9516083204447,47.438152717850386,1072.583004726767,82.36860487196181,1.4917260416666667,29.951300817098428,118.02958050176348
2015,35,Anhui_Chuzhou,15635,83,0.005308602494403581,81,3113887.75,297577.0378112793,7035.66259765625,46593.23046875,10.464139884256795,442.586281928487,66.8313340515953,1781.3746581849043,84.76701924887048,2.9800595119123763,32.528067108118144,118.07782843365027
2015,36,Anhui_Fuyang,12558,101,0.008042681955725434,101,4813176.5,366719.2840576172,10736.8955078125,93486.6484375,13.124961542092716,448.2838169094393,51.4851754816927,1080.3681775748225,106.30589611695545,7.444389905836917,32.89321331954427,115.68649298440187
2015,37,Anhui_Suzhou,11938,68,0.005696096498575976,68,2545795.0,241287.4984741211,8554.8505859375,65907.5390625,10.55087816857219,297.5849752635994,38.62676464957715,1031.7484307146672,125.80662626378677,5.520819154171553,33.81021621747854,117.17245163670843
2015,38,Anhui_Lu'an,21692,38,0.0017517978978425226,38,1595015.25,133846.72164916992,4183.6044921875,69585.625,11.91673005021929,381.2538333818471,22.921619946648462,546.0897994377431,110.0948550575658,3.2078934630278444,31.753773065560694,116.28652963739101
2015,39,Anhui_Bozhou,10768,53,0.004921991084695394,53,2288348.5,193330.02090454102,4603.9638671875,61638.8515625,11.836488142366152,497.03876181763377,37.12509954342159,859.8472985217699,86.86724277712264,5.724261846443165,33.42234822290941,116.15788415359076
2015,40,Anhui_Chizhou,9456,12,0.0012690355329949238,0,597075.0,41614.956855773926,1257.374755859375,17349.04296875,14.347605887693188,474.85842802046596,34.41544303483959,691.680804619311,104.78122965494792,1.8347126658999577,30.278283798271122,117.36728775763781
2015,41,Anhui_Xuancheng,13596,33,0.0024271844660194173,32,1481085.5,117514.35279846191,3781.223876953125,30201.12890625,12.603443449499942,391.6947391100907,49.04073303344285,1092.6743865250278,114.58254172585227,2.2213245738636362,30.68143788152658,118.83135523192556
2016,1,Shanghai_Shanghai,6943,910,0.131067261990494,896,53724040.0,3196791.9921875,162730.6875,304294.1875,16.805610165219953,330.14080395868785,176.55296159740152,2990.527053692079,178.8249313186813,43.827479115656054,31.174937991002842,121.39731959211504
2016,2,Jiangsu_Nanjing,7264,260,0.03579295154185022,257,15161746.0,928264.16015625,42067.78125,106498.90625,16.33343896143518,360.41230484433976,142.36527429125593,2441.3396264339567,161.79915865384615,14.661193041024228,31.935716790867197,118.82972083372556
2016,3,Jiangsu_Wuxi,4468,421,0.09422560429722471,413,20848380.0,1465927.734375,31500.37890625,77621.046875,14.221969822331475,661.8453721476812,268.5918425394852,5423.786678347347,74.82275274643706,17.372660446508505,31.549667157961814,120.05717776035183
2016,4,Jiangsu_Xuzhou,13482,211,0.015650496958908175,211,8745578.0,755142.822265625,18315.33984375,104121.71875,11.58135619135065,477.50017606058105,83.99379212130034,2026.4744237138325,86.80255850118483,7.723017263759086,34.32449774262204,117.50910738727144
2016,5,Jiangsu_Changzhou,4818,289,0.059983395599833955,283,14176180.0,1014637.451171875,22642.369140625,58725.7109375,13.971670357354688,626.0908437609146,241.39648160389714,4921.183505255031,78.34729806444636,12.188815055520964,31.651482732547414,119.60118605513709
2016,6,Jiangsu_Suzhou,6960,560,0.08045977011494253,551,26557964.0,1970622.4060058594,43984.515625,141807.1875,13.476942066150968,603.8025796720366,187.28221374533643,3949.024093013621,78.54377790178572,20.374595905172413,31.44195132902768,120.6975538078631
2016,7,Jiangsu_Nantong,9786,262,0.026772940936031064,253,12213692.0,925849.6856689453,18634.48046875,88579.5546875,13.191873571977679,655.4350694392766,137.88387222185423,2957.79314904337,71.12397125477099,9.051661014459432,32.21350530807948,120.95831823942517
2016,8,Jiangsu_Lianyungang,8818,111,0.012587888410070311,110,4530337.5,384524.04022216797,9503.6591796875,56686.60546875,11.78167559402135,476.6940200973165,79.91901195243503,1958.1345378176102,85.61855116835585,6.428510486363121,34.50592614189938,119.08713484257518
2016,9,Jiangsu_Huaian,9745,126,0.0129297075423294,123,5412696.0,438833.50372314453,14685.5625,61074.91796875,12.334281576218968,368.57260319446397,88.62387670777547,2063.0400202006003,116.55208333333333,6.267308154822986,33.39821736096465,119.0105658323877
2016,10,Jiangsu_Yancheng,17270,191,0.011059640995946729,186,8350805.5,672665.1000976562,17279.56640625,90994.625,12.41450686052784,483.2763336572799,91.77251403585652,2099.0250797780636,90.46893406413612,5.268941806601042,33.5087075718737,120.12563476574105
2016,11,Jiangsu_Yangzhou,7233,200,0.027651043826904465,192,9200668.0,719585.2661132812,14819.107421875,53466.02734375,12.786070578815295,620.8651937038106,172.08437688564356,3740.693108057884,74.095537109375,7.391957326662519,32.732957136188475,119.4689330575752
2016,12,Jiangsu_Zhenjiang,4212,124,0.029439696106362774,123,5975326.0,445725.9750366211,11252.9638671875,37603.61328125,13.405828546359821,531.000194306448,158.90297443781634,3297.5554522530197,90.74970860635081,8.927733447590219,32.05004877211815,119.43787168969979
2016,13,Jiangsu_Taizhou,6623,190,0.02868790578287785,186,8916646.0,680250.8544921875,14436.484375,56796.9921875,13.107879161219643,617.6466353152549,156.99151762410395,3345.2475682649897,75.98149671052632,8.575719792767629,32.59651959688939,120.01859361694291
2016,14,Jiangsu_Suqian,9405,100,0.01063264221158958,96,4197403.5,353403.09143066406,9177.7109375,60701.98046875,11.877098989168038,457.34753781026893,69.14771919444813,1647.3927082408954,91.777109375,6.454224398591175,33.771292490437816,118.49384829020626
2016,15,Zhejiang_Hangzhou,18384,233,0.012674064403829417,220,12249486.0,786304.5501708984,24381.90234375,100785.109375,15.578551589632351,502.4007490186673,121.54063309513573,2311.849453206986,104.64335769849785,5.482218743200609,29.902960760769375,119.42732290731314
2016,16,Zhejiang_Ningbo,9637,371,0.038497457715056554,353,16955576.0,1339549.4079589844,28965.23046875,92974.6015625,12.657671228293479,585.3768717046124,182.3678264284038,3990.337078783865,78.07339748989219,9.647670598993463,29.726300490831505,121.40836118452712
2016,17,Zhejiang_Wenzhou,12585,204,0.016209773539928488,200,11936334.0,731416.7785644531,36469.6875,101095.640625,16.319469760356554,327.2946608056348,118.06972017988535,2017.8911646320062,178.77297794117646,8.033026668653159,27.91658611468568,120.38204275052409
2016,18,Zhejiang_Jiaxing,4676,139,0.029726261762189905,133,6841303.5,470799.7131347656,11657.509765625,57007.91015625,14.53123973769646,586.8580543825274,120.00621459809751,2438.2581227591427,83.8669767311151,12.191597552662532,30.636614355340335,120.71407290583244
2016,19,Zhejiang_Huzhou,6860,86,0.012536443148688046,86,4148649.75,298909.3017578125,8097.92333984375,34090.546875,13.879292901233939,512.3103264743982,121.69501900957698,2522.6934702847884,94.16189930050872,4.969467474489796,30.72851771266912,119.84912648005557
2016,20,Zhejiang_Shaoxing,9294,127,0.013664729933290294,122,5886407.5,436755.5236816406,12382.1171875,58201.34375,13.47757997513207,475.39588027340335,101.13868719740685,2182.0802032599117,97.49698572834646,6.262249166128685,29.707569646153477,120.60140275944579
2016,21,Zhejiang_Jinhua,12538,157,0.012521933322698995,152,8622238.0,541994.0948486328,14852.05859375,67435.296875,15.908361515281829,580.541609472803,127.85942080128197,2328.1576158998705,94.59909932324841,5.3784731914978465,29.115572659438808,119.93810948166113
2016,22,Zhejiang_Quzhou,10687,31,0.0029007205015439317,31,1512965.25,107390.71846008301,2231.78515625,27263.90234375,14.088417245875558,677.9170682101807,55.493349078358676,1137.0345891481109,71.99306955645162,2.5511277574389446,28.942249141037596,118.66548294306223
2016,23,Zhejiang_Zhoushan,760,23,0.030263157894736843,0,1318229.0,81637.87841796875,3543.204345703125,7925.09375,16.147271653128282,372.0443054882307,166.3360764659724,2902.1738701829236,154.0523628566576,10.427754934210526,29.930222295487553,121.66481981690896
2016,24,Zhejiang_Taizhou,10495,157,0.014959504525964746,153,8239053.0,558888.3972167969,15630.173828125,67895.6328125,14.741857302870454,527.1248477847772,121.34879164839509,2312.372585635513,99.55524731289809,6.46933137803716,28.78030381964947,121.04669890427489
2016,25,Zhejiang_Lishui,19368,25,0.0012907889301941346,0,1294913.375,87303.40003967285,3519.192138671875,24414.26171875,14.832336133662135,367.9575663887149,53.039219039972636,1023.9916442281831,140.767685546875,1.2605463506169972,28.192527343951202,119.47800510960715
2016,26,Anhui_Hefei,12801,220,0.01718615733145848,218,11190802.0,772080.6884765625,37051.23828125,97463.2421875,14.494342582355252,302.0358433111579,114.82074419883457,2257.2612511367465,168.41471946022727,7.6137209739473475,31.8059561424028,117.32441610351175
2016,27,Anhui_Wuhu,6365,52,0.00816967792615868,50,2437147.5,176359.02404785156,7976.5400390625,42174.4453125,13.819238982286087,305.53943038772024,57.78730418246091,1232.974129587137,153.39500075120193,6.6259929791830325,31.164408878773543,118.11123309603293
2016,28,Anhui_Bengbu,6577,50,0.007602250266078759,47,2524648.25,178035.6216430664,4887.11767578125,36541.2578125,14.180579294752176,516.592482008613,69.09034885866383,1368.3163359225157,97.742353515625,5.555915738558613,33.075971492967824,117.30712625015883
2016,29,Anhui_Huainan,2417,59,0.0244104261481175,56,3169628.0,216309.37576293945,6928.39453125,25930.57421875,14.653215972818947,457.48376275392985,122.23516429914193,2275.3063430943234,117.43041578389831,10.728412999069095,32.70347454233038,116.81316200965705
2016,30,Anhui_Maanshan,4561,73,0.016005262003946502,71,3818788.5,264757.6332092285,6379.17041015625,28718.158203125,14.423714450499517,598.6340314596587,132.97470098846568,2541.945743305238,87.38589602953768,6.296460908380838,31.641224731748427,118.3057299058898
2016,31,Anhui_Huaibei,3306,53,0.01603145795523291,52,1987108.875,186418.5333251953,5391.37353515625,26057.0,10.65939549869548,368.5719162366313,76.26007886556395,2034.00237939901,101.72402896521227,7.88173018753781,33.66128937128523,116.76664541082641
2016,32,Anhui_Tongling,1253,21,0.01675977653631285,0,1088104.5,70852.83279418945,2362.266845703125,8951.0478515625,15.357247651066874,460.61879164042006,121.56168954119264,2346.0940381783603,112.48889741443452,7.143693417049082,31.135937536114692,117.83803087401012
2016,33,Anhui_Anqing,16820,56,0.0033293697978596906,51,2714693.0,199174.15618896484,6020.01171875,62634.3125,13.629745203611945,450.94480323763906,43.341946157707085,894.0786250348002,107.50020926339286,3.7237997919143875,30.652154436099703,116.56293238294478
2016,34,Anhui_Huangshan,11250,18,0.0016,0,796103.1875,61674.40891265869,1482.6348876953125,16781.91796875,12.908160800169414,536.9516083204447,47.438152717850386,1072.583004726767,82.36860487196181,1.4917260416666667,29.951300817098428,118.02958050176348
2016,35,Anhui_Chuzhou,15635,83,0.005308602494403581,81,3113887.75,297577.0378112793,7035.66259765625,46593.23046875,10.464139884256795,442.586281928487,66.8313340515953,1781.3746581849043,84.76701924887048,2.9800595119123763,32.528067108118144,118.07782843365027
2016,36,Anhui_Fuyang,12558,101,0.008042681955725434,100,4813176.5,366719.2840576172,10736.8955078125,93486.6484375,13.124961542092716,448.2838169094393,51.4851754816927,1080.3681775748225,106.30589611695545,7.444389905836917,32.89321331954427,115.68649298440187
2016,37,Anhui_Suzhou,11938,68,0.005696096498575976,68,2545795.0,241287.4984741211,8554.8505859375,65907.5390625,10.55087816857219,297.5849752635994,38.62676464957715,1031.7484307146672,125.80662626378677,5.520819154171553,33.81021621747854,117.17245163670843
2016,38,Anhui_Lu'an,21692,38,0.0017517978978425226,34,1595015.25,133846.72164916992,4183.6044921875,69585.625,11.91673005021929,381.2538333818471,22.921619946648462,546.0897994377431,110.0948550575658,3.2078934630278444,31.753773065560694,116.28652963739101
2016,39,Anhui_Bozhou,10768,53,0.004921991084695394,53,2288348.5,193330.02090454102,4603.9638671875,61638.8515625,11.836488142366152,497.03876181763377,37.12509954342159,859.8472985217699,86.86724277712264,5.724261846443165,33.42234822290941,116.15788415359076
2016,40,Anhui_Chizhou,9456,12,0.0012690355329949238,0,597075.0,41614.956855773926,1257.374755859375,17349.04296875,14.347605887693188,474.85842802046596,34.41544303483959,691.680804619311,104.78122965494792,1.8347126658999577,30.278283798271122,117.36728775763781
2016,41,Anhui_Xuancheng,13596,33,0.0024271844660194173,0,1481085.5,117514.35279846191,3781.223876953125,30201.12890625,12.603443449499942,391.6947391100907,49.04073303344285,1092.6743865250278,114.58254172585227,2.2213245738636362,30.68143788152658,118.83135523192556
2017,1,Shanghai_Shanghai,6943,910,0.131067261990494,898,53724040.0,3196791.9921875,162730.6875,304294.1875,16.805610165219953,330.14080395868785,176.55296159740152,2990.527053692079,178.8249313186813,43.827479115656054,31.174937991002842,121.39731959211504
2017,2,Jiangsu_Nanjing,7264,260,0.03579295154185022,256,15161746.0,928264.16015625,42067.78125,106498.90625,16.33343896143518,360.41230484433976,142.36527429125593,2441.3396264339567,161.79915865384615,14.661193041024228,31.935716790867197,118.82972083372556
2017,3,Jiangsu_Wuxi,4468,421,0.09422560429722471,406,20848380.0,1465927.734375,31500.37890625,77621.046875,14.221969822331475,661.8453721476812,268.5918425394852,5423.786678347347,74.82275274643706,17.372660446508505,31.549667157961814,120.05717776035183
2017,4,Jiangsu_Xuzhou,13482,211,0.015650496958908175,209,8745578.0,755142.822265625,18315.33984375,104121.71875,11.58135619135065,477.50017606058105,83.99379212130034,2026.4744237138325,86.80255850118483,7.723017263759086,34.32449774262204,117.50910738727144
2017,5,Jiangsu_Changzhou,4818,289,0.059983395599833955,259,14176180.0,1014637.451171875,22642.369140625,58725.7109375,13.971670357354688,626.0908437609146,241.39648160389714,4921.183505255031,78.34729806444636,12.188815055520964,31.651482732547414,119.60118605513709
2017,6,Jiangsu_Suzhou,6960,560,0.08045977011494253,533,26557964.0,1970622.4060058594,43984.515625,141807.1875,13.476942066150968,603.8025796720366,187.28221374533643,3949.024093013621,78.54377790178572,20.374595905172413,31.44195132902768,120.6975538078631
2017,7,Jiangsu_Nantong,9786,262,0.026772940936031064,226,12213692.0,925849.6856689453,18634.48046875,88579.5546875,13.191873571977679,655.4350694392766,137.88387222185423,2957.79314904337,71.12397125477099,9.051661014459432,32.21350530807948,120.95831823942517
2017,8,Jiangsu_Lianyungang,8818,111,0.012587888410070311,110,4530337.5,384524.04022216797,9503.6591796875,56686.60546875,11.78167559402135,476.6940200973165,79.91901195243503,1958.1345378176102,85.61855116835585,6.428510486363121,34.50592614189938,119.08713484257518
2017,9,Jiangsu_Huaian,9745,126,0.0129297075423294,126,5412696.0,438833.50372314453,14685.5625,61074.91796875,12.334281576218968,368.57260319446397,88.62387670777547,2063.0400202006003,116.55208333333333,6.267308154822986,33.39821736096465,119.0105658323877
2017,10,Jiangsu_Yancheng,17270,191,0.011059640995946729,187,8350805.5,672665.1000976562,17279.56640625,90994.625,12.41450686052784,483.2763336572799,91.77251403585652,2099.0250797780636,90.46893406413612,5.268941806601042,33.5087075718737,120.12563476574105
2017,11,Jiangsu_Yangzhou,7233,200,0.027651043826904465,192,9200668.0,719585.2661132812,14819.107421875,53466.02734375,12.786070578815295,620.8651937038106,172.08437688564356,3740.693108057884,74.095537109375,7.391957326662519,32.732957136188475,119.4689330575752
2017,12,Jiangsu_Zhenjiang,4212,124,0.029439696106362774,114,5975326.0,445725.9750366211,11252.9638671875,37603.61328125,13.405828546359821,531.000194306448,158.90297443781634,3297.5554522530197,90.74970860635081,8.927733447590219,32.05004877211815,119.43787168969979
2017,13,Jiangsu_Taizhou,6623,190,0.02868790578287785,178,8916646.0,680250.8544921875,14436.484375,56796.9921875,13.107879161219643,617.6466353152549,156.99151762410395,3345.2475682649897,75.98149671052632,8.575719792767629,32.59651959688939,120.01859361694291
2017,14,Jiangsu_Suqian,9405,100,0.01063264221158958,98,4197403.5,353403.09143066406,9177.7109375,60701.98046875,11.877098989168038,457.34753781026893,69.14771919444813,1647.3927082408954,91.777109375,6.454224398591175,33.771292490437816,118.49384829020626
2017,15,Zhejiang_Hangzhou,18384,233,0.012674064403829417,226,12249486.0,786304.5501708984,24381.90234375,100785.109375,15.578551589632351,502.4007490186673,121.54063309513573,2311.849453206986,104.64335769849785,5.482218743200609,29.902960760769375,119.42732290731314
2017,16,Zhejiang_Ningbo,9637,371,0.038497457715056554,354,16955576.0,1339549.4079589844,28965.23046875,92974.6015625,12.657671228293479,585.3768717046124,182.3678264284038,3990.337078783865,78.07339748989219,9.647670598993463,29.726300490831505,121.40836118452712
2017,17,Zhejiang_Wenzhou,12585,204,0.016209773539928488,200,11936334.0,731416.7785644531,36469.6875,101095.640625,16.319469760356554,327.2946608056348,118.06972017988535,2017.8911646320062,178.77297794117646,8.033026668653159,27.91658611468568,120.38204275052409
2017,18,Zhejiang_Jiaxing,4676,139,0.029726261762189905,121,6841303.5,470799.7131347656,11657.509765625,57007.91015625,14.53123973769646,586.8580543825274,120.00621459809751,2438.2581227591427,83.8669767311151,12.191597552662532,30.636614355340335,120.71407290583244
2017,19,Zhejiang_Huzhou,6860,86,0.012536443148688046,83,4148649.75,298909.3017578125,8097.92333984375,34090.546875,13.879292901233939,512.3103264743982,121.69501900957698,2522.6934702847884,94.16189930050872,4.969467474489796,30.72851771266912,119.84912648005557
2017,20,Zhejiang_Shaoxing,9294,127,0.013664729933290294,115,5886407.5,436755.5236816406,12382.1171875,58201.34375,13.47757997513207,475.39588027340335,101.13868719740685,2182.0802032599117,97.49698572834646,6.262249166128685,29.707569646153477,120.60140275944579
2017,21,Zhejiang_Jinhua,12538,157,0.012521933322698995,150,8622238.0,541994.0948486328,14852.05859375,67435.296875,15.908361515281829,580.541609472803,127.85942080128197,2328.1576158998705,94.59909932324841,5.3784731914978465,29.115572659438808,119.93810948166113
2017,22,Zhejiang_Quzhou,10687,31,0.0029007205015439317,0,1512965.25,107390.71846008301,2231.78515625,27263.90234375,14.088417245875558,677.9170682101807,55.493349078358676,1137.0345891481109,71.99306955645162,2.5511277574389446,28.942249141037596,118.66548294306223
2017,23,Zhejiang_Zhoushan,760,23,0.030263157894736843,0,1318229.0,81637.87841796875,3543.204345703125,7925.09375,16.147271653128282,372.0443054882307,166.3360764659724,2902.1738701829236,154.0523628566576,10.427754934210526,29.930222295487553,121.66481981690896
2017,24,Zhejiang_Taizhou,10495,157,0.014959504525964746,151,8239053.0,558888.3972167969,15630.173828125,67895.6328125,14.741857302870454,527.1248477847772,121.34879164839509,2312.372585635513,99.55524731289809,6.46933137803716,28.78030381964947,121.04669890427489
2017,25,Zhejiang_Lishui,19368,25,0.0012907889301941346,0,1294913.375,87303.40003967285,3519.192138671875,24414.26171875,14.832336133662135,367.9575663887149,53.039219039972636,1023.9916442281831,140.767685546875,1.2605463506169972,28.192527343951202,119.47800510960715
2017,26,Anhui_Hefei,12801,220,0.01718615733145848,207,11190802.0,772080.6884765625,37051.23828125,97463.2421875,14.494342582355252,302.0358433111579,114.82074419883457,2257.2612511367465,168.41471946022727,7.6137209739473475,31.8059561424028,117.32441610351175
2017,27,Anhui_Wuhu,6365,52,0.00816967792615868,42,2437147.5,176359.02404785156,7976.5400390625,42174.4453125,13.819238982286087,305.53943038772024,57.78730418246091,1232.974129587137,153.39500075120193,6.6259929791830325,31.164408878773543,118.11123309603293
2017,28,Anhui_Bengbu,6577,50,0.007602250266078759,46,2524648.25,178035.6216430664,4887.11767578125,36541.2578125,14.180579294752176,516.592482008613,69.09034885866383,1368.3163359225157,97.742353515625,5.555915738558613,33.075971492967824,117.30712625015883
2017,29,Anhui_Huainan,2417,59,0.0244104261481175,57,3169628.0,216309.37576293945,6928.39453125,25930.57421875,14.653215972818947,457.48376275392985,122.23516429914193,2275.3063430943234,117.43041578389831,10.728412999069095,32.70347454233038,116.81316200965705
2017,30,Anhui_Maanshan,4561,73,0.016005262003946502,69,3818788.5,264757.6332092285,6379.17041015625,28718.158203125,14.423714450499517,598.6340314596587,132.97470098846568,2541.945743305238,87.38589602953768,6.296460908380838,31.641224731748427,118.3057299058898
2017,31,Anhui_Huaibei,3306,53,0.01603145795523291,53,1987108.875,186418.5333251953,5391.37353515625,26057.0,10.65939549869548,368.5719162366313,76.26007886556395,2034.00237939901,101.72402896521227,7.88173018753781,33.66128937128523,116.76664541082641
2017,32,Anhui_Tongling,1253,21,0.01675977653631285,0,1088104.5,70852.83279418945,2362.266845703125,8951.0478515625,15.357247651066874,460.61879164042006,121.56168954119264,2346.0940381783603,112.48889741443452,7.143693417049082,31.135937536114692,117.83803087401012
2017,33,Anhui_Anqing,16820,56,0.0033293697978596906,55,2714693.0,199174.15618896484,6020.01171875,62634.3125,13.629745203611945,450.94480323763906,43.341946157707085,894.0786250348002,107.50020926339286,3.7237997919143875,30.652154436099703,116.56293238294478
2017,34,Anhui_Huangshan,11250,18,0.0016,0,796103.1875,61674.40891265869,1482.6348876953125,16781.91796875,12.908160800169414,536.9516083204447,47.438152717850386,1072.583004726767,82.36860487196181,1.4917260416666667,29.951300817098428,118.02958050176348
2017,35,Anhui_Chuzhou,15635,83,0.005308602494403581,81,3113887.75,297577.0378112793,7035.66259765625,46593.23046875,10.464139884256795,442.586281928487,66.8313340515953,1781.3746581849043,84.76701924887048,2.9800595119123763,32.528067108118144,118.07782843365027
2017,36,Anhui_Fuyang,12558,101,0.008042681955725434,101,4813176.5,366719.2840576172,10736.8955078125,93486.6484375,13.124961542092716,448.2838169094393,51.4851754816927,1080.3681775748225,106.30589611695545,7.444389905836917,32.89321331954427,115.68649298440187
2017,37,Anhui_Suzhou,11938,68,0.005696096498575976,68,2545795.0,241287.4984741211,8554.8505859375,65907.5390625,10.55087816857219,297.5849752635994,38.62676464957715,1031.7484307146672,125.80662626378677,5.520819154171553,33.81021621747854,117.17245163670843
2017,38,Anhui_Lu'an,21692,38,0.0017517978978425226,35,1595015.25,133846.72164916992,4183.6044921875,69585.625,11.91673005021929,381.2538333818471,22.921619946648462,546.0897994377431,110.0948550575658,3.2078934630278444,31.753773065560694,116.28652963739101
2017,39,Anhui_Bozhou,10768,53,0.004921991084695394,53,2288348.5,193330.02090454102,4603.9638671875,61638.8515625,11.836488142366152,497.03876181763377,37.12509954342159,859.8472985217699,86.86724277712264,5.724261846443165,33.42234822290941,116.15788415359076
2017,40,Anhui_Chizhou,9456,12,0.0012690355329949238,0,597075.0,41614.956855773926,1257.374755859375,17349.04296875,14.347605887693188,474.85842802046596,34.41544303483959,691.680804619311,104.78122965494792,1.8347126658999577,30.278283798271122,117.36728775763781
2017,41,Anhui_Xuancheng,13596,33,0.0024271844660194173,31,1481085.5,117514.35279846191,3781.223876953125,30201.12890625,12.603443449499942,391.6947391100907,49.04073303344285,1092.6743865250278,114.58254172585227,2.2213245738636362,30.68143788152658,118.83135523192556
2018,1,Shanghai_Shanghai,6943,910,0.131067261990494,872,53724040.0,3196791.9921875,162730.6875,304294.1875,16.805610165219953,330.14080395868785,176.55296159740152,2990.527053692079,178.8249313186813,43.827479115656054,31.174937991002842,121.39731959211504
2018,2,Jiangsu_Nanjing,7264,260,0.03579295154185022,257,15161746.0,928264.16015625,42067.78125,106498.90625,16.33343896143518,360.41230484433976,142.36527429125593,2441.3396264339567,161.79915865384615,14.661193041024228,31.935716790867197,118.82972083372556
2018,3,Jiangsu_Wuxi,4468,421,0.09422560429722471,412,20848380.0,1465927.734375,31500.37890625,77621.046875,14.221969822331475,661.8453721476812,268.5918425394852,5423.786678347347,74.82275274643706,17.372660446508505,31.549667157961814,120.05717776035183
2018,4,Jiangsu_Xuzhou,13482,211,0.015650496958908175,209,8745578.0,755142.822265625,18315.33984375,104121.71875,11.58135619135065,477.50017606058105,83.99379212130034,2026.4744237138325,86.80255850118483,7.723017263759086,34.32449774262204,117.50910738727144
2018,5,Jiangsu_Changzhou,4818,289,0.059983395599833955,283,14176180.0,1014637.451171875,22642.369140625,58725.7109375,13.971670357354688,626.0908437609146,241.39648160389714,4921.183505255031,78.34729806444636,12.188815055520964,31.651482732547414,119.60118605513709
2018,6,Jiangsu_Suzhou,6960,560,0.08045977011494253,541,26557964.0,1970622.4060058594,43984.515625,141807.1875,13.476942066150968,603.8025796720366,187.28221374533643,3949.024093013621,78.54377790178572,20.374595905172413,31.44195132902768,120.6975538078631
2018,7,Jiangsu_Nantong,9786,262,0.026772940936031064,246,12213692.0,925849.6856689453,18634.48046875,88579.5546875,13.191873571977679,655.4350694392766,137.88387222185423,2957.79314904337,71.12397125477099,9.051661014459432,32.21350530807948,120.95831823942517
2018,8,Jiangsu_Lianyungang,8818,111,0.012587888410070311,110,4530337.5,384524.04022216797,9503.6591796875,56686.60546875,11.78167559402135,476.6940200973165,79.91901195243503,1958.1345378176102,85.61855116835585,6.428510486363121,34.50592614189938,119.08713484257518
2018,9,Jiangsu_Huaian,9745,126,0.0129297075423294,126,5412696.0,438833.50372314453,14685.5625,61074.91796875,12.334281576218968,368.57260319446397,88.62387670777547,2063.0400202006003,116.55208333333333,6.267308154822986,33.39821736096465,119.0105658323877
2018,10,Jiangsu_Yancheng,17270,191,0.011059640995946729,180,8350805.5,672665.1000976562,17279.56640625,90994.625,12.41450686052784,483.2763336572799,91.77251403585652,2099.0250797780636,90.46893406413612,5.268941806601042,33.5087075718737,120.12563476574105
2018,11,Jiangsu_Yangzhou,7233,200,0.027651043826904465,180,9200668.0,719585.2661132812,14819.107421875,53466.02734375,12.786070578815295,620.8651937038106,172.08437688564356,3740.693108057884,74.095537109375,7.391957326662519,32.732957136188475,119.4689330575752
2018,12,Jiangsu_Zhenjiang,4212,124,0.029439696106362774,118,5975326.0,445725.9750366211,11252.9638671875,37603.61328125,13.405828546359821,531.000194306448,158.90297443781634,3297.5554522530197,90.74970860635081,8.927733447590219,32.05004877211815,119.43787168969979
2018,13,Jiangsu_Taizhou,6623,190,0.02868790578287785,178,8916646.0,680250.8544921875,14436.484375,56796.9921875,13.107879161219643,617.6466353152549,156.99151762410395,3345.2475682649897,75.98149671052632,8.575719792767629,32.59651959688939,120.01859361694291
2018,14,Jiangsu_Suqian,9405,100,0.01063264221158958,95,4197403.5,353403.09143066406,9177.7109375,60701.98046875,11.877098989168038,457.34753781026893,69.14771919444813,1647.3927082408954,91.777109375,6.454224398591175,33.771292490437816,118.49384829020626
2018,15,Zhejiang_Hangzhou,18384,233,0.012674064403829417,232,12249486.0,786304.5501708984,24381.90234375,100785.109375,15.578551589632351,502.4007490186673,121.54063309513573,2311.849453206986,104.64335769849785,5.482218743200609,29.902960760769375,119.42732290731314
2018,16,Zhejiang_Ningbo,9637,371,0.038497457715056554,367,16955576.0,1339549.4079589844,28965.23046875,92974.6015625,12.657671228293479,585.3768717046124,182.3678264284038,3990.337078783865,78.07339748989219,9.647670598993463,29.726300490831505,121.40836118452712
2018,17,Zhejiang_Wenzhou,12585,204,0.016209773539928488,197,11936334.0,731416.7785644531,36469.6875,101095.640625,16.319469760356554,327.2946608056348,118.06972017988535,2017.8911646320062,178.77297794117646,8.033026668653159,27.91658611468568,120.38204275052409
2018,18,Zhejiang_Jiaxing,4676,139,0.029726261762189905,125,6841303.5,470799.7131347656,11657.509765625,57007.91015625,14.53123973769646,586.8580543825274,120.00621459809751,2438.2581227591427,83.8669767311151,12.191597552662532,30.636614355340335,120.71407290583244
2018,19,Zhejiang_Huzhou,6860,86,0.012536443148688046,86,4148649.75,298909.3017578125,8097.92333984375,34090.546875,13.879292901233939,512.3103264743982,121.69501900957698,2522.6934702847884,94.16189930050872,4.969467474489796,30.72851771266912,119.84912648005557
2018,20,Zhejiang_Shaoxing,9294,127,0.013664729933290294,127,5886407.5,436755.5236816406,12382.1171875,58201.34375,13.47757997513207,475.39588027340335,101.13868719740685,2182.0802032599117,97.49698572834646,6.262249166128685,29.707569646153477,120.60140275944579
2018,21,Zhejiang_Jinhua,12538,157,0.012521933322698995,149,8622238.0,541994.0948486328,14852.05859375,67435.296875,15.908361515281829,580.541609472803,127.85942080128197,2328.1576158998705,94.59909932324841,5.3784731914978465,29.115572659438808,119.93810948166113
2018,22,Zhejiang_Quzhou,10687,31,0.0029007205015439317,31,1512965.25,107390.71846008301,2231.78515625,27263.90234375,14.088417245875558,677.9170682101807,55.493349078358676,1137.0345891481109,71.99306955645162,2.5511277574389446,28.942249141037596,118.66548294306223
2018,23,Zhejiang_Zhoushan,760,23,0.030263157894736843,0,1318229.0,81637.87841796875,3543.204345703125,7925.09375,16.147271653128282,372.0443054882307,166.3360764659724,2902.1738701829236,154.0523628566576,10.427754934210526,29.930222295487553,121.66481981690896
2018,24,Zhejiang_Taizhou,10495,157,0.014959504525964746,153,8239053.0,558888.3972167969,15630.173828125,67895.6328125,14.741857302870454,527.1248477847772,121.34879164839509,2312.372585635513,99.55524731289809,6.46933137803716,28.78030381964947,121.04669890427489
2018,25,Zhejiang_Lishui,19368,25,0.0012907889301941346,0,1294913.375,87303.40003967285,3519.192138671875,24414.26171875,14.832336133662135,367.9575663887149,53.039219039972636,1023.9916442281831,140.767685546875,1.2605463506169972,28.192527343951202,119.47800510960715
2018,26,Anhui_Hefei,12801,220,0.01718615733145848,220,11190802.0,772080.6884765625,37051.23828125,97463.2421875,14.494342582355252,302.0358433111579,114.82074419883457,2257.2612511367465,168.41471946022727,7.6137209739473475,31.8059561424028,117.32441610351175
2018,27,Anhui_Wuhu,6365,52,0.00816967792615868,51,2437147.5,176359.02404785156,7976.5400390625,42174.4453125,13.819238982286087,305.53943038772024,57.78730418246091,1232.974129587137,153.39500075120193,6.6259929791830325,31.164408878773543,118.11123309603293
2018,28,Anhui_Bengbu,6577,50,0.007602250266078759,48,2524648.25,178035.6216430664,4887.11767578125,36541.2578125,14.180579294752176,516.592482008613,69.09034885866383,1368.3163359225157,97.742353515625,5.555915738558613,33.075971492967824,117.30712625015883
2018,29,Anhui_Huainan,2417,59,0.0244104261481175,57,3169628.0,216309.37576293945,6928.39453125,25930.57421875,14.653215972818947,457.48376275392985,122.23516429914193,2275.3063430943234,117.43041578389831,10.728412999069095,32.70347454233038,116.81316200965705
2018,30,Anhui_Maanshan,4561,73,0.016005262003946502,73,3818788.5,264757.6332092285,6379.17041015625,28718.158203125,14.423714450499517,598.6340314596587,132.97470098846568,2541.945743305238,87.38589602953768,6.296460908380838,31.641224731748427,118.3057299058898
2018,31,Anhui_Huaibei,3306,53,0.01603145795523291,52,1987108.875,186418.5333251953,5391.37353515625,26057.0,10.65939549869548,368.5719162366313,76.26007886556395,2034.00237939901,101.72402896521227,7.88173018753781,33.66128937128523,116.76664541082641
2018,32,Anhui_Tongling,1253,21,0.01675977653631285,0,1088104.5,70852.83279418945,2362.266845703125,8951.0478515625,15.357247651066874,460.61879164042006,121.56168954119264,2346.0940381783603,112.48889741443452,7.143693417049082,31.135937536114692,117.83803087401012
2018,33,Anhui_Anqing,16820,56,0.0033293697978596906,52,2714693.0,199174.15618896484,6020.01171875,62634.3125,13.629745203611945,450.94480323763906,43.341946157707085,894.0786250348002,107.50020926339286,3.7237997919143875,30.652154436099703,116.56293238294478
2018,34,Anhui_Huangshan,11250,18,0.0016,0,796103.1875,61674.40891265869,1482.6348876953125,16781.91796875,12.908160800169414,536.9516083204447,47.438152717850386,1072.583004726767,82.36860487196181,1.4917260416666667,29.951300817098428,118.02958050176348
2018,35,Anhui_Chuzhou,15635,83,0.005308602494403581,78,3113887.75,297577.0378112793,7035.66259765625,46593.23046875,10.464139884256795,442.586281928487,66.8313340515953,1781.3746581849043,84.76701924887048,2.9800595119123763,32.528067108118144,118.07782843365027
2018,36,Anhui_Fuyang,12558,101,0.008042681955725434,98,4813176.5,366719.2840576172,10736.8955078125,93486.6484375,13.124961542092716,448.2838169094393,51.4851754816927,1080.3681775748225,106.30589611695545,7.444389905836917,32.89321331954427,115.68649298440187
2018,37,Anhui_Suzhou,11938,68,0.005696096498575976,68,2545795.0,241287.4984741211,8554.8505859375,65907.5390625,10.55087816857219,297.5849752635994,38.62676464957715,1031.7484307146672,125.80662626378677,5.520819154171553,33.81021621747854,117.17245163670843
2018,38,Anhui_Lu'an,21692,38,0.0017517978978425226,36,1595015.25,133846.72164916992,4183.6044921875,69585.625,11.91673005021929,381.2538333818471,22.921619946648462,546.0897994377431,110.0948550575658,3.2078934630278444,31.753773065560694,116.28652963739101
2018,39,Anhui_Bozhou,10768,53,0.004921991084695394,51,2288348.5,193330.02090454102,4603.9638671875,61638.8515625,11.836488142366152,497.03876181763377,37.12509954342159,859.8472985217699,86.86724277712264,5.724261846443165,33.42234822290941,116.15788415359076
2018,40,Anhui_Chizhou,9456,12,0.0012690355329949238,0,597075.0,41614.956855773926,1257.374755859375,17349.04296875,14.347605887693188,474.85842802046596,34.41544303483959,691.680804619311,104.78122965494792,1.8347126658999577,30.278283798271122,117.36728775763781
2018,41,Anhui_Xuancheng,13596,33,0.0024271844660194173,0,1481085.5,117514.35279846191,3781.223876953125,30201.12890625,12.603443449499942,391.6947391100907,49.04073303344285,1092.6743865250278,114.58254172585227,2.2213245738636362,30.68143788152658,118.83135523192556
2019,1,Shanghai_Shanghai,6943,910,0.131067261990494,895,53724040.0,3196791.9921875,162730.6875,304294.1875,16.805610165219953,330.14080395868785,176.55296159740152,2990.527053692079,178.8249313186813,43.827479115656054,31.174937991002842,121.39731959211504
2019,2,Jiangsu_Nanjing,7264,260,0.03579295154185022,253,15161746.0,928264.16015625,42067.78125,106498.90625,16.33343896143518,360.41230484433976,142.36527429125593,2441.3396264339567,161.79915865384615,14.661193041024228,31.935716790867197,118.82972083372556
2019,3,Jiangsu_Wuxi,4468,421,0.09422560429722471,406,20848380.0,1465927.734375,31500.37890625,77621.046875,14.221969822331475,661.8453721476812,268.5918425394852,5423.786678347347,74.82275274643706,17.372660446508505,31.549667157961814,120.05717776035183
2019,4,Jiangsu_Xuzhou,13482,211,0.015650496958908175,211,8745578.0,755142.822265625,18315.33984375,104121.71875,11.58135619135065,477.50017606058105,83.99379212130034,2026.4744237138325,86.80255850118483,7.723017263759086,34.32449774262204,117.50910738727144
2019,5,Jiangsu_Changzhou,4818,289,0.059983395599833955,275,14176180.0,1014637.451171875,22642.369140625,58725.7109375,13.971670357354688,626.0908437609146,241.39648160389714,4921.183505255031,78.34729806444636,12.188815055520964,31.651482732547414,119.60118605513709
2019,6,Jiangsu_Suzhou,6960,560,0.08045977011494253,542,26557964.0,1970622.4060058594,43984.515625,141807.1875,13.476942066150968,603.8025796720366,187.28221374533643,3949.024093013621,78.54377790178572,20.374595905172413,31.44195132902768,120.6975538078631
2019,7,Jiangsu_Nantong,9786,262,0.026772940936031064,244,12213692.0,925849.6856689453,18634.48046875,88579.5546875,13.191873571977679,655.4350694392766,137.88387222185423,2957.79314904337,71.12397125477099,9.051661014459432,32.21350530807948,120.95831823942517
2019,8,Jiangsu_Lianyungang,8818,111,0.012587888410070311,110,4530337.5,384524.04022216797,9503.6591796875,56686.60546875,11.78167559402135,476.6940200973165,79.91901195243503,1958.1345378176102,85.61855116835585,6.428510486363121,34.50592614189938,119.08713484257518
2019,9,Jiangsu_Huaian,9745,126,0.0129297075423294,126,5412696.0,438833.50372314453,14685.5625,61074.91796875,12.334281576218968,368.57260319446397,88.62387670777547,2063.0400202006003,116.55208333333333,6.267308154822986,33.39821736096465,119.0105658323877
2019,10,Jiangsu_Yancheng,17270,191,0.011059640995946729,188,8350805.5,672665.1000976562,17279.56640625,90994.625,12.41450686052784,483.2763336572799,91.77251403585652,2099.0250797780636,90.46893406413612,5.268941806601042,33.5087075718737,120.12563476574105
2019,11,Jiangsu_Yangzhou,7233,200,0.027651043826904465,197,9200668.0,719585.2661132812,14819.107421875,53466.02734375,12.786070578815295,620.8651937038106,172.08437688564356,3740.693108057884,74.095537109375,7.391957326662519,32.732957136188475,119.4689330575752
2019,12,Jiangsu_Zhenjiang,4212,124,0.029439696106362774,120,5975326.0,445725.9750366211,11252.9638671875,37603.61328125,13.405828546359821,531.000194306448,158.90297443781634,3297.5554522530197,90.74970860635081,8.927733447590219,32.05004877211815,119.43787168969979
2019,13,Jiangsu_Taizhou,6623,190,0.02868790578287785,186,8916646.0,680250.8544921875,14436.484375,56796.9921875,13.107879161219643,617.6466353152549,156.99151762410395,3345.2475682649897,75.98149671052632,8.575719792767629,32.59651959688939,120.01859361694291
2019,14,Jiangsu_Suqian,9405,100,0.01063264221158958,98,4197403.5,353403.09143066406,9177.7109375,60701.98046875,11.877098989168038,457.34753781026893,69.14771919444813,1647.3927082408954,91.777109375,6.454224398591175,33.771292490437816,118.49384829020626
2019,15,Zhejiang_Hangzhou,18384,233,0.012674064403829417,228,12249486.0,786304.5501708984,24381.90234375,100785.109375,15.578551589632351,502.4007490186673,121.54063309513573,2311.849453206986,104.64335769849785,5.482218743200609,29.902960760769375,119.42732290731314
2019,16,Zhejiang_Ningbo,9637,371,0.038497457715056554,369,16955576.0,1339549.4079589844,28965.23046875,92974.6015625,12.657671228293479,585.3768717046124,182.3678264284038,3990.337078783865,78.07339748989219,9.647670598993463,29.726300490831505,121.40836118452712
2019,17,Zhejiang_Wenzhou,12585,204,0.016209773539928488,200,11936334.0,731416.7785644531,36469.6875,101095.640625,16.319469760356554,327.2946608056348,118.06972017988535,2017.8911646320062,178.77297794117646,8.033026668653159,27.91658611468568,120.38204275052409
2019,18,Zhejiang_Jiaxing,4676,139,0.029726261762189905,130,6841303.5,470799.7131347656,11657.509765625,57007.91015625,14.53123973769646,586.8580543825274,120.00621459809751,2438.2581227591427,83.8669767311151,12.191597552662532,30.636614355340335,120.71407290583244
2019,19,Zhejiang_Huzhou,6860,86,0.012536443148688046,81,4148649.75,298909.3017578125,8097.92333984375,34090.546875,13.879292901233939,512.3103264743982,121.69501900957698,2522.6934702847884,94.16189930050872,4.969467474489796,30.72851771266912,119.84912648005557
2019,20,Zhejiang_Shaoxing,9294,127,0.013664729933290294,115,5886407.5,436755.5236816406,12382.1171875,58201.34375,13.47757997513207,475.39588027340335,101.13868719740685,2182.0802032599117,97.49698572834646,6.262249166128685,29.707569646153477,120.60140275944579
2019,21,Zhejiang_Jinhua,12538,157,0.012521933322698995,157,8622238.0,541994.0948486328,14852.05859375,67435.296875,15.908361515281829,580.541609472803,127.85942080128197,2328.1576158998705,94.59909932324841,5.3784731914978465,29.115572659438808,119.93810948166113
2019,22,Zhejiang_Quzhou,10687,31,0.0029007205015439317,30,1512965.25,107390.71846008301,2231.78515625,27263.90234375,14.088417245875558,677.9170682101807,55.493349078358676,1137.0345891481109,71.99306955645162,2.5511277574389446,28.942249141037596,118.66548294306223
2019,23,Zhejiang_Zhoushan,760,23,0.030263157894736843,0,1318229.0,81637.87841796875,3543.204345703125,7925.09375,16.147271653128282,372.0443054882307,166.3360764659724,2902.1738701829236,154.0523628566576,10.427754934210526,29.930222295487553,121.66481981690896
2019,24,Zhejiang_Taizhou,10495,157,0.014959504525964746,153,8239053.0,558888.3972167969,15630.173828125,67895.6328125,14.741857302870454,527.1248477847772,121.34879164839509,2312.372585635513,99.55524731289809,6.46933137803716,28.78030381964947,121.04669890427489
2019,25,Zhejiang_Lishui,19368,25,0.0012907889301941346,0,1294913.375,87303.40003967285,3519.192138671875,24414.26171875,14.832336133662135,367.9575663887149,53.039219039972636,1023.9916442281831,140.767685546875,1.2605463506169972,28.192527343951202,119.47800510960715
2019,26,Anhui_Hefei,12801,220,0.01718615733145848,198,11190802.0,772080.6884765625,37051.23828125,97463.2421875,14.494342582355252,302.0358433111579,114.82074419883457,2257.2612511367465,168.41471946022727,7.6137209739473475,31.8059561424028,117.32441610351175
2019,27,Anhui_Wuhu,6365,52,0.00816967792615868,48,2437147.5,176359.02404785156,7976.5400390625,42174.4453125,13.819238982286087,305.53943038772024,57.78730418246091,1232.974129587137,153.39500075120193,6.6259929791830325,31.164408878773543,118.11123309603293
2019,28,Anhui_Bengbu,6577,50,0.007602250266078759,48,2524648.25,178035.6216430664,4887.11767578125,36541.2578125,14.180579294752176,516.592482008613,69.09034885866383,1368.3163359225157,97.742353515625,5.555915738558613,33.075971492967824,117.30712625015883
2019,29,Anhui_Huainan,2417,59,0.0244104261481175,57,3169628.0,216309.37576293945,6928.39453125,25930.57421875,14.653215972818947,457.48376275392985,122.23516429914193,2275.3063430943234,117.43041578389831,10.728412999069095,32.70347454233038,116.81316200965705
2019,30,Anhui_Maanshan,4561,73,0.016005262003946502,72,3818788.5,264757.6332092285,6379.17041015625,28718.158203125,14.423714450499517,598.6340314596587,132.97470098846568,2541.945743305238,87.38589602953768,6.296460908380838,31.641224731748427,118.3057299058898
2019,31,Anhui_Huaibei,3306,53,0.01603145795523291,53,1987108.875,186418.5333251953,5391.37353515625,26057.0,10.65939549869548,368.5719162366313,76.26007886556395,2034.00237939901,101.72402896521227,7.88173018753781,33.66128937128523,116.76664541082641
2019,32,Anhui_Tongling,1253,21,0.01675977653631285,0,1088104.5,70852.83279418945,2362.266845703125,8951.0478515625,15.357247651066874,460.61879164042006,121.56168954119264,2346.0940381783603,112.48889741443452,7.143693417049082,31.135937536114692,117.83803087401012
2019,33,Anhui_Anqing,16820,56,0.0033293697978596906,55,2714693.0,199174.15618896484,6020.01171875,62634.3125,13.629745203611945,450.94480323763906,43.341946157707085,894.0786250348002,107.50020926339286,3.7237997919143875,30.652154436099703,116.56293238294478
2019,34,Anhui_Huangshan,11250,18,0.0016,0,796103.1875,61674.40891265869,1482.6348876953125,16781.91796875,12.908160800169414,536.9516083204447,47.438152717850386,1072.583004726767,82.36860487196181,1.4917260416666667,29.951300817098428,118.02958050176348
2019,35,Anhui_Chuzhou,15635,83,0.005308602494403581,83,3113887.75,297577.0378112793,7035.66259765625,46593.23046875,10.464139884256795,442.586281928487,66.8313340515953,1781.3746581849043,84.76701924887048,2.9800595119123763,32.528067108118144,118.07782843365027
2019,36,Anhui_Fuyang,12558,101,0.008042681955725434,99,4813176.5,366719.2840576172,10736.8955078125,93486.6484375,13.124961542092716,448.2838169094393,51.4851754816927,1080.3681775748225,106.30589611695545,7.444389905836917,32.89321331954427,115.68649298440187
2019,37,Anhui_Suzhou,11938,68,0.005696096498575976,68,2545795.0,241287.4984741211,8554.8505859375,65907.5390625,10.55087816857219,297.5849752635994,38.62676464957715,1031.7484307146672,125.80662626378677,5.520819154171553,33.81021621747854,117.17245163670843
2019,38,Anhui_Lu'an,21692,38,0.0017517978978425226,35,1595015.25,133846.72164916992,4183.6044921875,69585.625,11.91673005021929,381.2538333818471,22.921619946648462,546.0897994377431,110.0948550575658,3.2078934630278444,31.753773065560694,116.28652963739101
2019,39,Anhui_Bozhou,10768,53,0.004921991084695394,52,2288348.5,193330.02090454102,4603.9638671875,61638.8515625,11.836488142366152,497.03876181763377,37.12509954342159,859.8472985217699,86.86724277712264,5.724261846443165,33.42234822290941,116.15788415359076
2019,40,Anhui_Chizhou,9456,12,0.0012690355329949238,0,597075.0,41614.956855773926,1257.374755859375,17349.04296875,14.347605887693188,474.85842802046596,34.41544303483959,691.680804619311,104.78122965494792,1.8347126658999577,30.278283798271122,117.36728775763781
2019,41,Anhui_Xuancheng,13596,33,0.0024271844660194173,0,1481085.5,117514.35279846191,3781.223876953125,30201.12890625,12.603443449499942,391.6947391100907,49.04073303344285,1092.6743865250278,114.58254172585227,2.2213245738636362,30.68143788152658,118.83135523192556
2020,1,Shanghai_Shanghai,6943,1001,0.1441739881895434,964,58524504.0,3530835.8764648438,197663.015625,350872.9375,16.57525471237596,296.08221758101087,166.7968593331596,2852.884600141041,197.46555007492506,50.536214532622786,31.174937991002842,121.39731959211504
2020,2,Jiangsu_Nanjing,7264,297,0.04088656387665198,285,16707806.0,1057832.4890136719,50576.53125,118330.6328125,15.794377818342902,330.34701247923164,141.19594903607285,2509.9164344925744,170.291351010101,16.290010023747246,31.935716790867197,118.82972083372556
2020,3,Jiangsu_Wuxi,4468,490,0.10966875559534467,410,24053746.0,1718254.6997070312,34453.73828125,78322.640625,13.998940904454534,698.1461867402134,307.1110193432654,6256.1731332076115,70.31375159438775,17.529686800581917,31.549667157961814,120.05717776035183
2020,4,Jiangsu_Xuzhou,13482,266,0.01973001038421599,266,10457716.0,942527.4658203125,21110.80078125,104353.7578125,11.095396557911771,495.37277663518284,100.21408159340213,2549.0217657321127,79.36391271146617,7.740228290498442,34.32449774262204,117.50910738727144
2020,5,Jiangsu_Changzhou,4818,348,0.0722291407222914,310,16635590.0,1227818.9086914062,26368.203125,61640.078125,13.548895429318645,630.8958529004809,269.8826884395679,5645.677464819079,75.77069863505747,12.79370654317144,31.651482732547414,119.60118605513709
2020,6,Jiangsu_Suzhou,6960,707,0.10158045977011494,649,32713552.0,2484251.708984375,58898.3828125,163924.921875,13.168372545217702,555.4236031257756,199.5642372484736,4312.950050018134,83.30747215346534,23.55243130387931,31.44195132902768,120.6975538078631
2020,7,Jiangsu_Nantong,9786,313,0.0319844676067852,283,14248758.0,1107060.0891113281,23339.68359375,93678.25,12.870808134216025,610.4949085006274,152.10316161969294,3341.223816627659,74.56767921325878,9.572680359697527,32.21350530807948,120.95831823942517
2020,8,Jiangsu_Lianyungang,8818,135,0.015309594012247674,134,5412546.0,467607.2692871094,11400.62890625,59491.109375,11.574982587956121,474.75854573538123,90.98075421458721,2269.246639006721,84.44910300925926,6.746553569403493,34.50592614189938,119.08713484257518
2020,9,Jiangsu_Huaian,9745,145,0.014879425346331451,145,6096226.0,504298.40087890625,18508.95703125,67297.3984375,12.088529309978608,329.3662624915766,90.58635462203858,2154.6152357533324,127.64797952586207,6.905838731400718,33.39821736096465,119.0105658323877
2020,10,Jiangsu_Yancheng,17270,226,0.013086276780544297,226,9596048.0,793760.9100341797,20110.296875,93412.4921875,12.089343124224635,477.170877170355,102.7276735186399,2419.376624128247,88.98361449115045,5.40894569701795,33.5087075718737,120.12563476574105
2020,11,Jiangsu_Yangzhou,7233,234,0.03235172127747823,230,10398200.0,840324.2492675781,16055.607421875,52967.5,12.374033010546837,647.6366621815222,196.3128333411998,4417.803369991032,68.61370693108974,7.323033319507811,32.732957136188475,119.4689330575752
2020,12,Jiangsu_Zhenjiang,4212,141,0.03347578347578348,129,6647222.0,506808.4716796875,11956.5185546875,37846.38671875,13.115846264308638,555.9496244326059,175.6368989567717,3725.586832048758,84.79800393395391,8.985371965515196,32.05004877211815,119.43787168969979
2020,13,Jiangsu_Taizhou,6623,229,0.03457647591725804,221,10403152.0,821755.2185058594,17080.19921875,59716.15625,12.659672571249782,609.076736562874,174.21000702803943,3834.808105218594,74.58602278930131,9.016481390608485,32.59651959688939,120.01859361694291
2020,14,Jiangsu_Suqian,9405,148,0.01573631047315258,147,5615465.0,516107.5210571289,12070.9931640625,64316.9921875,10.88041691099172,465.203229235374,87.30919791195343,2301.1026319225757,81.56076462204392,6.8385956605528975,33.771292490437816,118.49384829020626
2020,15,Zhejiang_Hangzhou,18384,287,0.015611401218450827,281,15016991.0,970445.4040527344,28430.033203125,101727.7578125,15.474328527175931,528.2087042497491,147.61940421097887,2821.255537048063,99.05934913980836,5.533494223917537,29.902960760769375,119.42732290731314
2020,16,Zhejiang_Ningbo,9637,431,0.04472346165819238,431,19490424.0,1550985.4125976562,34660.2265625,100704.953125,12.566477957620897,562.3282342039653,193.539874605845,4279.829210237766,80.41815907772622,10.449823920825983,29.726300490831505,121.40836118452712
2020,17,Zhejiang_Wenzhou,12585,212,0.01684545093365117,207,12309577.0,761062.3168945312,37187.765625,102347.203125,16.17420377641148,331.0114709264682,120.27272484394038,2071.3804923528533,175.41398879716982,8.13247541716329,27.91658611468568,120.38204275052409
2020,18,Zhejiang_Jiaxing,4676,183,0.03913601368691189,169,8711006.0,629234.0087890625,14038.6708984375,59528.3671875,13.84382579187671,620.500762716044,146.33369621179818,3074.164615058131,76.71404862534153,12.730617448139435,30.636614355340335,120.71407290583244
2020,19,Zhejiang_Huzhou,6860,107,0.015597667638483964,106,5001611.0,374622.42126464844,8831.3759765625,35018.37890625,13.35107221590098,566.3456083484301,142.82817069831077,3055.5383584847464,82.53622408002336,5.1047199571793005,30.72851771266912,119.84912648005557
2020,20,Zhejiang_Shaoxing,9294,156,0.016785022595222725,150,7152970.5,537489.3951416016,14362.33203125,60205.953125,13.30811466171449,498.036842793799,118.80835911938733,2591.105894065189,92.06623096955128,6.477937715192597,29.707569646153477,120.60140275944579
2020,21,Zhejiang_Jinhua,12538,183,0.014595629286967619,178,9778755.0,630613.5940551758,17909.71875,72749.765625,15.506730416509868,546.0027115166172,134.41630933089345,2515.4720214949148,97.8673155737705,5.8023421299250275,29.115572659438808,119.93810948166113
2020,22,Zhejiang_Quzhou,10687,36,0.0033685786469542433,35,1693829.375,124369.0299987793,2887.23486328125,29989.103515625,13.619382373703688,586.6614443256677,56.48149415728538,1200.4360177436845,80.20096842447917,2.8061292706676335,28.942249141037596,118.66548294306223
2020,23,Zhejiang_Zhoushan,760,24,0.031578947368421054,0,1367490.75,85732.78427124023,3717.6357421875,8288.2666015625,15.950616343842876,367.83882145359206,164.991163501208,2895.659750553334,154.9014892578125,10.905613949424342,29.930222295487553,121.66481981690896
2020,24,Zhejiang_Taizhou,10495,174,0.01657932348737494,166,8958064.0,619778.1753540039,16639.6015625,69691.5078125,14.453661578004658,538.3580830558124,128.53881744244978,2496.7173973066347,95.62989403735632,6.640448576703192,28.78030381964947,121.04669890427489
2020,25,Zhejiang_Lishui,19368,30,0.0015489467162329617,0,1510760.75,105253.27682495117,4379.740234375,25539.822265625,14.353574497377183,344.94300327279325,59.15314266040877,1174.6362088188107,145.99134114583333,1.3186607943837774,28.192527343951202,119.47800510960715
2020,26,Anhui_Hefei,12801,284,0.022185766736973676,281,13727653.0,1003361.1297607422,46115.57421875,103964.296875,13.68166714139449,297.6793248823629,132.04199338264414,2731.7070238205274,162.37878246038733,8.121576195219124,31.8059561424028,117.32441610351175
2020,27,Anhui_Wuhu,6365,63,0.009897879025923017,59,2860882.25,217365.22674560547,10641.828125,45971.9140625,13.161637180119195,268.83372070999314,62.231088444796036,1370.401935284876,168.91790674603175,7.2226102219167325,31.164408878773543,118.11123309603293
2020,28,Anhui_Bengbu,6577,62,0.009426790329937661,62,2951797.25,218131.46591186523,5489.099609375,35104.59375,13.53219370557321,537.7561822632141,84.08578293261121,1766.1506195325221,88.5338646673387,5.337478143530485,33.075971492967824,117.30712625015883
2020,29,Anhui_Huainan,2417,64,0.026479106330161355,61,3365872.0,233251.36184692383,7580.283203125,26559.376953125,14.430235147818452,444.02984820044804,126.73008127940925,2409.695081061369,118.44192504882812,10.988571350072403,32.70347454233038,116.81316200965705
2020,30,Anhui_Maanshan,4561,79,0.017320762990572242,75,4076065.0,287552.6809692383,7427.3330078125,30360.90234375,14.175019986810861,548.7925471649862,134.25375022949822,2602.030700720023,94.01687351661393,6.656632831341811,31.641224731748427,118.3057299058898
2020,31,Anhui_Huaibei,3306,65,0.019661222020568664,65,2324544.5,227137.2413635254,6292.15771484375,25887.43359375,10.234096733963788,369.4351930365948,89.79432015080917,2510.870757605456,96.80242638221154,7.830439683529946,33.66128937128523,116.76664541082641
2020,32,Anhui_Tongling,1253,23,0.018355945730247406,0,1168751.375,78088.40751647949,2357.624755859375,8879.9970703125,14.96702791324501,495.7325681685845,131.61618925611538,2590.090944612282,102.5054241677989,7.0869888829309655,31.135937536114692,117.83803087401012
2020,33,Anhui_Anqing,16820,70,0.004161712247324614,67,3226836.0,248045.00579833984,6806.16357421875,61425.25390625,13.009074662133742,474.1049733543018,52.53272546377982,1139.5964289677527,97.230908203125,3.6519175925237812,30.652154436099703,116.56293238294478
2020,34,Anhui_Huangshan,11250,21,0.0018666666666666666,0,919631.4375,73110.58521270752,1778.3070068359375,16985.64453125,12.578635977600639,517.1387358678068,54.1416862814992,1236.3381301995596,84.68128603980655,1.5098350694444445,29.951300817098428,118.02958050176348
2020,35,Anhui_Chuzhou,15635,99,0.006331947553565718,99,3653738.5,356048.5076904297,6986.576171875,44454.90625,10.261912130177452,522.9655284813763,82.1897695487773,2226.9757907767494,70.57147648358585,2.8432942916533417,32.528067108118144,118.07782843365027
2020,36,Anhui_Fuyang,12558,132,0.01051122790253225,127,5822877.0,475008.23974609375,12005.115234375,91786.296875,12.258475775309716,485.03299521249,63.439502390318,1438.1231675547974,90.9478426846591,7.308990036231884,32.89321331954427,115.68649298440187
2020,37,Anhui_Suzhou,11938,83,0.006952588373261853,83,2995666.75,292535.70556640625,10372.8486328125,66803.65625,10.240345684297937,288.79884938490164,44.84285618723152,1242.4469656179933,124.97407991340361,5.595883418495561,33.81021621747854,117.17245163670843
2020,38,Anhui_Lu'an,21692,59,0.0027198967361239165,58,2312612.5,202671.81396484375,6163.365234375,70618.078125,11.410627135360592,375.21912332922324,32.74816536222466,835.4801145333491,104.46381753177967,3.255489494975106,31.753773065560694,116.28652963739101
2020,39,Anhui_Bozhou,10768,74,0.00687221396731055,74,2942245.25,261336.21215820312,5983.47998046875,61281.44140625,11.258467495575681,491.728101306274,48.01201118125014,1207.5433981625122,80.85783757390203,5.691069967148032,33.42234822290941,116.15788415359076
2020,40,Anhui_Chizhou,9456,15,0.0015862944162436548,0,707283.0,51325.087547302246,1613.6824951171875,18026.33203125,13.780453844295026,438.3036948967066,39.23610187440639,832.1160385815803,107.5788330078125,1.906337989768401,30.278283798271122,117.36728775763781
2020,41,Anhui_Xuancheng,13596,42,0.003089143865842895,37,1783701.125,147575.55961608887,4781.0712890625,31235.671875,12.086697347719484,373.07561781823136,57.10461846756738,1344.6165066683075,113.83503069196429,2.297416289717564,30.68143788152658,118.83135523192556
2021,1,Shanghai_Shanghai,6943,1001,0.1441739881895434,989,58524504.0,3530835.8764648438,197663.015625,350872.9375,16.57525471237596,296.08221758101087,166.7968593331596,2852.884600141041,197.46555007492506,50.536214532622786,31.174937991002842,121.39731959211504
2021,2,Jiangsu_Nanjing,7264,297,0.04088656387665198,292,16707806.0,1057832.4890136719,50576.53125,118330.6328125,15.794377818342902,330.34701247923164,141.19594903607285,2509.9164344925744,170.291351010101,16.290010023747246,31.935716790867197,118.82972083372556
2021,3,Jiangsu_Wuxi,4468,490,0.10966875559534467,488,24053746.0,1718254.6997070312,34453.73828125,78322.640625,13.998940904454534,698.1461867402134,307.1110193432654,6256.1731332076115,70.31375159438775,17.529686800581917,31.549667157961814,120.05717776035183
2021,4,Jiangsu_Xuzhou,13482,266,0.01973001038421599,263,10457716.0,942527.4658203125,21110.80078125,104353.7578125,11.095396557911771,495.37277663518284,100.21408159340213,2549.0217657321127,79.36391271146617,7.740228290498442,34.32449774262204,117.50910738727144
2021,5,Jiangsu_Changzhou,4818,348,0.0722291407222914,336,16635590.0,1227818.9086914062,26368.203125,61640.078125,13.548895429318645,630.8958529004809,269.8826884395679,5645.677464819079,75.77069863505747,12.79370654317144,31.651482732547414,119.60118605513709
2021,6,Jiangsu_Suzhou,6960,707,0.10158045977011494,699,32713552.0,2484251.708984375,58898.3828125,163924.921875,13.168372545217702,555.4236031257756,199.5642372484736,4312.950050018134,83.30747215346534,23.55243130387931,31.44195132902768,120.6975538078631
2021,7,Jiangsu_Nantong,9786,313,0.0319844676067852,306,14248758.0,1107060.0891113281,23339.68359375,93678.25,12.870808134216025,610.4949085006274,152.10316161969294,3341.223816627659,74.56767921325878,9.572680359697527,32.21350530807948,120.95831823942517
2021,8,Jiangsu_Lianyungang,8818,135,0.015309594012247674,134,5412546.0,467607.2692871094,11400.62890625,59491.109375,11.574982587956121,474.75854573538123,90.98075421458721,2269.246639006721,84.44910300925926,6.746553569403493,34.50592614189938,119.08713484257518
2021,9,Jiangsu_Huaian,9745,145,0.014879425346331451,145,6096226.0,504298.40087890625,18508.95703125,67297.3984375,12.088529309978608,329.3662624915766,90.58635462203858,2154.6152357533324,127.64797952586207,6.905838731400718,33.39821736096465,119.0105658323877
2021,10,Jiangsu_Yancheng,17270,226,0.013086276780544297,220,9596048.0,793760.9100341797,20110.296875,93412.4921875,12.089343124224635,477.170877170355,102.7276735186399,2419.376624128247,88.98361449115045,5.40894569701795,33.5087075718737,120.12563476574105
2021,11,Jiangsu_Yangzhou,7233,234,0.03235172127747823,223,10398200.0,840324.2492675781,16055.607421875,52967.5,12.374033010546837,647.6366621815222,196.3128333411998,4417.803369991032,68.61370693108974,7.323033319507811,32.732957136188475,119.4689330575752
2021,12,Jiangsu_Zhenjiang,4212,141,0.03347578347578348,136,6647222.0,506808.4716796875,11956.5185546875,37846.38671875,13.115846264308638,555.9496244326059,175.6368989567717,3725.586832048758,84.79800393395391,8.985371965515196,32.05004877211815,119.43787168969979
2021,13,Jiangsu_Taizhou,6623,229,0.03457647591725804,226,10403152.0,821755.2185058594,17080.19921875,59716.15625,12.659672571249782,609.076736562874,174.21000702803943,3834.808105218594,74.58602278930131,9.016481390608485,32.59651959688939,120.01859361694291
2021,14,Jiangsu_Suqian,9405,148,0.01573631047315258,144,5615465.0,516107.5210571289,12070.9931640625,64316.9921875,10.88041691099172,465.203229235374,87.30919791195343,2301.1026319225757,81.56076462204392,6.8385956605528975,33.771292490437816,118.49384829020626
2021,15,Zhejiang_Hangzhou,18384,287,0.015611401218450827,243,15016991.0,970445.4040527344,28430.033203125,101727.7578125,15.474328527175931,528.2087042497491,147.61940421097887,2821.255537048063,99.05934913980836,5.533494223917537,29.902960760769375,119.42732290731314
2021,16,Zhejiang_Ningbo,9637,431,0.04472346165819238,423,19490424.0,1550985.4125976562,34660.2265625,100704.953125,12.566477957620897,562.3282342039653,193.539874605845,4279.829210237766,80.41815907772622,10.449823920825983,29.726300490831505,121.40836118452712
2021,17,Zhejiang_Wenzhou,12585,212,0.01684545093365117,207,12309577.0,761062.3168945312,37187.765625,102347.203125,16.17420377641148,331.0114709264682,120.27272484394038,2071.3804923528533,175.41398879716982,8.13247541716329,27.91658611468568,120.38204275052409
2021,18,Zhejiang_Jiaxing,4676,183,0.03913601368691189,163,8711006.0,629234.0087890625,14038.6708984375,59528.3671875,13.84382579187671,620.500762716044,146.33369621179818,3074.164615058131,76.71404862534153,12.730617448139435,30.636614355340335,120.71407290583244
2021,19,Zhejiang_Huzhou,6860,107,0.015597667638483964,107,5001611.0,374622.42126464844,8831.3759765625,35018.37890625,13.35107221590098,566.3456083484301,142.82817069831077,3055.5383584847464,82.53622408002336,5.1047199571793005,30.72851771266912,119.84912648005557
2021,20,Zhejiang_Shaoxing,9294,156,0.016785022595222725,137,7152970.5,537489.3951416016,14362.33203125,60205.953125,13.30811466171449,498.036842793799,118.80835911938733,2591.105894065189,92.06623096955128,6.477937715192597,29.707569646153477,120.60140275944579
2021,21,Zhejiang_Jinhua,12538,183,0.014595629286967619,160,9778755.0,630613.5940551758,17909.71875,72749.765625,15.506730416509868,546.0027115166172,134.41630933089345,2515.4720214949148,97.8673155737705,5.8023421299250275,29.115572659438808,119.93810948166113
2021,22,Zhejiang_Quzhou,10687,36,0.0033685786469542433,30,1693829.375,124369.0299987793,2887.23486328125,29989.103515625,13.619382373703688,586.6614443256677,56.48149415728538,1200.4360177436845,80.20096842447917,2.8061292706676335,28.942249141037596,118.66548294306223
2021,23,Zhejiang_Zhoushan,760,24,0.031578947368421054,0,1367490.75,85732.78427124023,3717.6357421875,8288.2666015625,15.950616343842876,367.83882145359206,164.991163501208,2895.659750553334,154.9014892578125,10.905613949424342,29.930222295487553,121.66481981690896
2021,24,Zhejiang_Taizhou,10495,174,0.01657932348737494,166,8958064.0,619778.1753540039,16639.6015625,69691.5078125,14.453661578004658,538.3580830558124,128.53881744244978,2496.7173973066347,95.62989403735632,6.640448576703192,28.78030381964947,121.04669890427489
2021,25,Zhejiang_Lishui,19368,30,0.0015489467162329617,0,1510760.75,105253.27682495117,4379.740234375,25539.822265625,14.353574497377183,344.94300327279325,59.15314266040877,1174.6362088188107,145.99134114583333,1.3186607943837774,28.192527343951202,119.47800510960715
2021,26,Anhui_Hefei,12801,284,0.022185766736973676,278,13727653.0,1003361.1297607422,46115.57421875,103964.296875,13.68166714139449,297.6793248823629,132.04199338264414,2731.7070238205274,162.37878246038733,8.121576195219124,31.8059561424028,117.32441610351175
2021,27,Anhui_Wuhu,6365,63,0.009897879025923017,58,2860882.25,217365.22674560547,10641.828125,45971.9140625,13.161637180119195,268.83372070999314,62.231088444796036,1370.401935284876,168.91790674603175,7.2226102219167325,31.164408878773543,118.11123309603293
2021,28,Anhui_Bengbu,6577,62,0.009426790329937661,60,2951797.25,218131.46591186523,5489.099609375,35104.59375,13.53219370557321,537.7561822632141,84.08578293261121,1766.1506195325221,88.5338646673387,5.337478143530485,33.075971492967824,117.30712625015883
2021,29,Anhui_Huainan,2417,64,0.026479106330161355,63,3365872.0,233251.36184692383,7580.283203125,26559.376953125,14.430235147818452,444.02984820044804,126.73008127940925,2409.695081061369,118.44192504882812,10.988571350072403,32.70347454233038,116.81316200965705
2021,30,Anhui_Maanshan,4561,79,0.017320762990572242,76,4076065.0,287552.6809692383,7427.3330078125,30360.90234375,14.175019986810861,548.7925471649862,134.25375022949822,2602.030700720023,94.01687351661393,6.656632831341811,31.641224731748427,118.3057299058898
2021,31,Anhui_Huaibei,3306,65,0.019661222020568664,65,2324544.5,227137.2413635254,6292.15771484375,25887.43359375,10.234096733963788,369.4351930365948,89.79432015080917,2510.870757605456,96.80242638221154,7.830439683529946,33.66128937128523,116.76664541082641
2021,32,Anhui_Tongling,1253,23,0.018355945730247406,0,1168751.375,78088.40751647949,2357.624755859375,8879.9970703125,14.96702791324501,495.7325681685845,131.61618925611538,2590.090944612282,102.5054241677989,7.0869888829309655,31.135937536114692,117.83803087401012
2021,33,Anhui_Anqing,16820,70,0.004161712247324614,66,3226836.0,248045.00579833984,6806.16357421875,61425.25390625,13.009074662133742,474.1049733543018,52.53272546377982,1139.5964289677527,97.230908203125,3.6519175925237812,30.652154436099703,116.56293238294478
2021,34,Anhui_Huangshan,11250,21,0.0018666666666666666,0,919631.4375,73110.58521270752,1778.3070068359375,16985.64453125,12.578635977600639,517.1387358678068,54.1416862814992,1236.3381301995596,84.68128603980655,1.5098350694444445,29.951300817098428,118.02958050176348
2021,35,Anhui_Chuzhou,15635,99,0.006331947553565718,98,3653738.5,356048.5076904297,6986.576171875,44454.90625,10.261912130177452,522.9655284813763,82.1897695487773,2226.9757907767494,70.57147648358585,2.8432942916533417,32.528067108118144,118.07782843365027
2021,36,Anhui_Fuyang,12558,132,0.01051122790253225,131,5822877.0,475008.23974609375,12005.115234375,91786.296875,12.258475775309716,485.03299521249,63.439502390318,1438.1231675547974,90.9478426846591,7.308990036231884,32.89321331954427,115.68649298440187
2021,37,Anhui_Suzhou,11938,83,0.006952588373261853,83,2995666.75,292535.70556640625,10372.8486328125,66803.65625,10.240345684297937,288.79884938490164,44.84285618723152,1242.4469656179933,124.97407991340361,5.595883418495561,33.81021621747854,117.17245163670843
2021,38,Anhui_Lu'an,21692,59,0.0027198967361239165,56,2312612.5,202671.81396484375,6163.365234375,70618.078125,11.410627135360592,375.21912332922324,32.74816536222466,835.4801145333491,104.46381753177967,3.255489494975106,31.753773065560694,116.28652963739101
2021,39,Anhui_Bozhou,10768,74,0.00687221396731055,72,2942245.25,261336.21215820312,5983.47998046875,61281.44140625,11.258467495575681,491.728101306274,48.01201118125014,1207.5433981625122,80.85783757390203,5.691069967148032,33.42234822290941,116.15788415359076
2021,40,Anhui_Chizhou,9456,15,0.0015862944162436548,0,707283.0,51325.087547302246,1613.6824951171875,18026.33203125,13.780453844295026,438.3036948967066,39.23610187440639,832.1160385815803,107.5788330078125,1.906337989768401,30.278283798271122,117.36728775763781
2021,41,Anhui_Xuancheng,13596,42,0.003089143865842895,40,1783701.125,147575.55961608887,4781.0712890625,31235.671875,12.086697347719484,373.07561781823136,57.10461846756738,1344.6165066683075,113.83503069196429,2.297416289717564,30.68143788152658,118.83135523192556
2022,1,Shanghai_Shanghai,6943,1001,0.1441739881895434,1001,58524504.0,3530835.8764648438,197663.015625,350872.9375,16.57525471237596,296.08221758101087,166.7968593331596,2852.884600141041,197.46555007492506,50.536214532622786,31.174937991002842,121.39731959211504
2022,2,Jiangsu_Nanjing,7264,297,0.04088656387665198,296,16707806.0,1057832.4890136719,50576.53125,118330.6328125,15.794377818342902,330.34701247923164,141.19594903607285,2509.9164344925744,170.291351010101,16.290010023747246,31.935716790867197,118.82972083372556
2022,3,Jiangsu_Wuxi,4468,490,0.10966875559534467,486,24053746.0,1718254.6997070312,34453.73828125,78322.640625,13.998940904454534,698.1461867402134,307.1110193432654,6256.1731332076115,70.31375159438775,17.529686800581917,31.549667157961814,120.05717776035183
2022,4,Jiangsu_Xuzhou,13482,266,0.01973001038421599,266,10457716.0,942527.4658203125,21110.80078125,104353.7578125,11.095396557911771,495.37277663518284,100.21408159340213,2549.0217657321127,79.36391271146617,7.740228290498442,34.32449774262204,117.50910738727144
2022,5,Jiangsu_Changzhou,4818,348,0.0722291407222914,347,16635590.0,1227818.9086914062,26368.203125,61640.078125,13.548895429318645,630.8958529004809,269.8826884395679,5645.677464819079,75.77069863505747,12.79370654317144,31.651482732547414,119.60118605513709
2022,6,Jiangsu_Suzhou,6960,707,0.10158045977011494,696,32713552.0,2484251.708984375,58898.3828125,163924.921875,13.168372545217702,555.4236031257756,199.5642372484736,4312.950050018134,83.30747215346534,23.55243130387931,31.44195132902768,120.6975538078631
2022,7,Jiangsu_Nantong,9786,313,0.0319844676067852,306,14248758.0,1107060.0891113281,23339.68359375,93678.25,12.870808134216025,610.4949085006274,152.10316161969294,3341.223816627659,74.56767921325878,9.572680359697527,32.21350530807948,120.95831823942517
2022,8,Jiangsu_Lianyungang,8818,135,0.015309594012247674,134,5412546.0,467607.2692871094,11400.62890625,59491.109375,11.574982587956121,474.75854573538123,90.98075421458721,2269.246639006721,84.44910300925926,6.746553569403493,34.50592614189938,119.08713484257518
2022,9,Jiangsu_Huaian,9745,145,0.014879425346331451,145,6096226.0,504298.40087890625,18508.95703125,67297.3984375,12.088529309978608,329.3662624915766,90.58635462203858,2154.6152357533324,127.64797952586207,6.905838731400718,33.39821736096465,119.0105658323877
2022,10,Jiangsu_Yancheng,17270,226,0.013086276780544297,223,9596048.0,793760.9100341797,20110.296875,93412.4921875,12.089343124224635,477.170877170355,102.7276735186399,2419.376624128247,88.98361449115045,5.40894569701795,33.5087075718737,120.12563476574105
2022,11,Jiangsu_Yangzhou,7233,234,0.03235172127747823,233,10398200.0,840324.2492675781,16055.607421875,52967.5,12.374033010546837,647.6366621815222,196.3128333411998,4417.803369991032,68.61370693108974,7.323033319507811,32.732957136188475,119.4689330575752
2022,12,Jiangsu_Zhenjiang,4212,141,0.03347578347578348,138,6647222.0,506808.4716796875,11956.5185546875,37846.38671875,13.115846264308638,555.9496244326059,175.6368989567717,3725.586832048758,84.79800393395391,8.985371965515196,32.05004877211815,119.43787168969979
2022,13,Jiangsu_Taizhou,6623,229,0.03457647591725804,221,10403152.0,821755.2185058594,17080.19921875,59716.15625,12.659672571249782,609.076736562874,174.21000702803943,3834.808105218594,74.58602278930131,9.016481390608485,32.59651959688939,120.01859361694291
2022,14,Jiangsu_Suqian,9405,148,0.01573631047315258,146,5615465.0,516107.5210571289,12070.9931640625,64316.9921875,10.88041691099172,465.203229235374,87.30919791195343,2301.1026319225757,81.56076462204392,6.8385956605528975,33.771292490437816,118.49384829020626
2022,15,Zhejiang_Hangzhou,18384,287,0.015611401218450827,281,15016991.0,970445.4040527344,28430.033203125,101727.7578125,15.474328527175931,528.2087042497491,147.61940421097887,2821.255537048063,99.05934913980836,5.533494223917537,29.902960760769375,119.42732290731314
2022,16,Zhejiang_Ningbo,9637,431,0.04472346165819238,430,19490424.0,1550985.4125976562,34660.2265625,100704.953125,12.566477957620897,562.3282342039653,193.539874605845,4279.829210237766,80.41815907772622,10.449823920825983,29.726300490831505,121.40836118452712
2022,17,Zhejiang_Wenzhou,12585,212,0.01684545093365117,207,12309577.0,761062.3168945312,37187.765625,102347.203125,16.17420377641148,331.0114709264682,120.27272484394038,2071.3804923528533,175.41398879716982,8.13247541716329,27.91658611468568,120.38204275052409
2022,18,Zhejiang_Jiaxing,4676,183,0.03913601368691189,181,8711006.0,629234.0087890625,14038.6708984375,59528.3671875,13.84382579187671,620.500762716044,146.33369621179818,3074.164615058131,76.71404862534153,12.730617448139435,30.636614355340335,120.71407290583244
2022,19,Zhejiang_Huzhou,6860,107,0.015597667638483964,106,5001611.0,374622.42126464844,8831.3759765625,35018.37890625,13.35107221590098,566.3456083484301,142.82817069831077,3055.5383584847464,82.53622408002336,5.1047199571793005,30.72851771266912,119.84912648005557
2022,20,Zhejiang_Shaoxing,9294,156,0.016785022595222725,155,7152970.5,537489.3951416016,14362.33203125,60205.953125,13.30811466171449,498.036842793799,118.80835911938733,2591.105894065189,92.06623096955128,6.477937715192597,29.707569646153477,120.60140275944579
2022,21,Zhejiang_Jinhua,12538,183,0.014595629286967619,179,9778755.0,630613.5940551758,17909.71875,72749.765625,15.506730416509868,546.0027115166172,134.41630933089345,2515.4720214949148,97.8673155737705,5.8023421299250275,29.115572659438808,119.93810948166113
2022,22,Zhejiang_Quzhou,10687,36,0.0033685786469542433,34,1693829.375,124369.0299987793,2887.23486328125,29989.103515625,13.619382373703688,586.6614443256677,56.48149415728538,1200.4360177436845,80.20096842447917,2.8061292706676335,28.942249141037596,118.66548294306223
2022,23,Zhejiang_Zhoushan,760,24,0.031578947368421054,0,1367490.75,85732.78427124023,3717.6357421875,8288.2666015625,15.950616343842876,367.83882145359206,164.991163501208,2895.659750553334,154.9014892578125,10.905613949424342,29.930222295487553,121.66481981690896
2022,24,Zhejiang_Taizhou,10495,174,0.01657932348737494,164,8958064.0,619778.1753540039,16639.6015625,69691.5078125,14.453661578004658,538.3580830558124,128.53881744244978,2496.7173973066347,95.62989403735632,6.640448576703192,28.78030381964947,121.04669890427489
2022,25,Zhejiang_Lishui,19368,30,0.0015489467162329617,0,1510760.75,105253.27682495117,4379.740234375,25539.822265625,14.353574497377183,344.94300327279325,59.15314266040877,1174.6362088188107,145.99134114583333,1.3186607943837774,28.192527343951202,119.47800510960715
2022,26,Anhui_Hefei,12801,284,0.022185766736973676,284,13727653.0,1003361.1297607422,46115.57421875,103964.296875,13.68166714139449,297.6793248823629,132.04199338264414,2731.7070238205274,162.37878246038733,8.121576195219124,31.8059561424028,117.32441610351175
2022,27,Anhui_Wuhu,6365,63,0.009897879025923017,58,2860882.25,217365.22674560547,10641.828125,45971.9140625,13.161637180119195,268.83372070999314,62.231088444796036,1370.401935284876,168.91790674603175,7.2226102219167325,31.164408878773543,118.11123309603293
2022,28,Anhui_Bengbu,6577,62,0.009426790329937661,60,2951797.25,218131.46591186523,5489.099609375,35104.59375,13.53219370557321,537.7561822632141,84.08578293261121,1766.1506195325221,88.5338646673387,5.337478143530485,33.075971492967824,117.30712625015883
2022,29,Anhui_Huainan,2417,64,0.026479106330161355,62,3365872.0,233251.36184692383,7580.283203125,26559.376953125,14.430235147818452,444.02984820044804,126.73008127940925,2409.695081061369,118.44192504882812,10.988571350072403,32.70347454233038,116.81316200965705
2022,30,Anhui_Maanshan,4561,79,0.017320762990572242,78,4076065.0,287552.6809692383,7427.3330078125,30360.90234375,14.175019986810861,548.7925471649862,134.25375022949822,2602.030700720023,94.01687351661393,6.656632831341811,31.641224731748427,118.3057299058898
2022,31,Anhui_Huaibei,3306,65,0.019661222020568664,65,2324544.5,227137.2413635254,6292.15771484375,25887.43359375,10.234096733963788,369.4351930365948,89.79432015080917,2510.870757605456,96.80242638221154,7.830439683529946,33.66128937128523,116.76664541082641
2022,32,Anhui_Tongling,1253,23,0.018355945730247406,0,1168751.375,78088.40751647949,2357.624755859375,8879.9970703125,14.96702791324501,495.7325681685845,131.61618925611538,2590.090944612282,102.5054241677989,7.0869888829309655,31.135937536114692,117.83803087401012
2022,33,Anhui_Anqing,16820,70,0.004161712247324614,70,3226836.0,248045.00579833984,6806.16357421875,61425.25390625,13.009074662133742,474.1049733543018,52.53272546377982,1139.5964289677527,97.230908203125,3.6519175925237812,30.652154436099703,116.56293238294478
2022,34,Anhui_Huangshan,11250,21,0.0018666666666666666,0,919631.4375,73110.58521270752,1778.3070068359375,16985.64453125,12.578635977600639,517.1387358678068,54.1416862814992,1236.3381301995596,84.68128603980655,1.5098350694444445,29.951300817098428,118.02958050176348
2022,35,Anhui_Chuzhou,15635,99,0.006331947553565718,99,3653738.5,356048.5076904297,6986.576171875,44454.90625,10.261912130177452,522.9655284813763,82.1897695487773,2226.9757907767494,70.57147648358585,2.8432942916533417,32.528067108118144,118.07782843365027
2022,36,Anhui_Fuyang,12558,132,0.01051122790253225,132,5822877.0,475008.23974609375,12005.115234375,91786.296875,12.258475775309716,485.03299521249,63.439502390318,1438.1231675547974,90.9478426846591,7.308990036231884,32.89321331954427,115.68649298440187
2022,37,Anhui_Suzhou,11938,83,0.006952588373261853,83,2995666.75,292535.70556640625,10372.8486328125,66803.65625,10.240345684297937,288.79884938490164,44.84285618723152,1242.4469656179933,124.97407991340361,5.595883418495561,33.81021621747854,117.17245163670843
2022,38,Anhui_Lu'an,21692,59,0.0027198967361239165,59,2312612.5,202671.81396484375,6163.365234375,70618.078125,11.410627135360592,375.21912332922324,32.74816536222466,835.4801145333491,104.46381753177967,3.255489494975106,31.753773065560694,116.28652963739101
2022,39,Anhui_Bozhou,10768,74,0.00687221396731055,74,2942245.25,261336.21215820312,5983.47998046875,61281.44140625,11.258467495575681,491.728101306274,48.01201118125014,1207.5433981625122,80.85783757390203,5.691069967148032,33.42234822290941,116.15788415359076
2022,40,Anhui_Chizhou,9456,15,0.0015862944162436548,0,707283.0,51325.087547302246,1613.6824951171875,18026.33203125,13.780453844295026,438.3036948967066,39.23610187440639,832.1160385815803,107.5788330078125,1.906337989768401,30.278283798271122,117.36728775763781
2022,41,Anhui_Xuancheng,13596,42,0.003089143865842895,40,1783701.125,147575.55961608887,4781.0712890625,31235.671875,12.086697347719484,373.07561781823136,57.10461846756738,1344.6165066683075,113.83503069196429,2.297416289717564,30.68143788152658,118.83135523192556
2023,1,Shanghai_Shanghai,6943,1001,0.1441739881895434,994,58524504.0,3530835.8764648438,197663.015625,350872.9375,16.57525471237596,296.08221758101087,166.7968593331596,2852.884600141041,197.46555007492506,50.536214532622786,31.174937991002842,121.39731959211504
2023,2,Jiangsu_Nanjing,7264,297,0.04088656387665198,284,16707806.0,1057832.4890136719,50576.53125,118330.6328125,15.794377818342902,330.34701247923164,141.19594903607285,2509.9164344925744,170.291351010101,16.290010023747246,31.935716790867197,118.82972083372556
2023,3,Jiangsu_Wuxi,4468,490,0.10966875559534467,478,24053746.0,1718254.6997070312,34453.73828125,78322.640625,13.998940904454534,698.1461867402134,307.1110193432654,6256.1731332076115,70.31375159438775,17.529686800581917,31.549667157961814,120.05717776035183
2023,4,Jiangsu_Xuzhou,13482,266,0.01973001038421599,266,10457716.0,942527.4658203125,21110.80078125,104353.7578125,11.095396557911771,495.37277663518284,100.21408159340213,2549.0217657321127,79.36391271146617,7.740228290498442,34.32449774262204,117.50910738727144
2023,5,Jiangsu_Changzhou,4818,348,0.0722291407222914,340,16635590.0,1227818.9086914062,26368.203125,61640.078125,13.548895429318645,630.8958529004809,269.8826884395679,5645.677464819079,75.77069863505747,12.79370654317144,31.651482732547414,119.60118605513709
2023,6,Jiangsu_Suzhou,6960,707,0.10158045977011494,675,32713552.0,2484251.708984375,58898.3828125,163924.921875,13.168372545217702,555.4236031257756,199.5642372484736,4312.950050018134,83.30747215346534,23.55243130387931,31.44195132902768,120.6975538078631
2023,7,Jiangsu_Nantong,9786,313,0.0319844676067852,290,14248758.0,1107060.0891113281,23339.68359375,93678.25,12.870808134216025,610.4949085006274,152.10316161969294,3341.223816627659,74.56767921325878,9.572680359697527,32.21350530807948,120.95831823942517
2023,8,Jiangsu_Lianyungang,8818,135,0.015309594012247674,134,5412546.0,467607.2692871094,11400.62890625,59491.109375,11.574982587956121,474.75854573538123,90.98075421458721,2269.246639006721,84.44910300925926,6.746553569403493,34.50592614189938,119.08713484257518
2023,9,Jiangsu_Huaian,9745,145,0.014879425346331451,144,6096226.0,504298.40087890625,18508.95703125,67297.3984375,12.088529309978608,329.3662624915766,90.58635462203858,2154.6152357533324,127.64797952586207,6.905838731400718,33.39821736096465,119.0105658323877
2023,10,Jiangsu_Yancheng,17270,226,0.013086276780544297,224,9596048.0,793760.9100341797,20110.296875,93412.4921875,12.089343124224635,477.170877170355,102.7276735186399,2419.376624128247,88.98361449115045,5.40894569701795,33.5087075718737,120.12563476574105
2023,11,Jiangsu_Yangzhou,7233,234,0.03235172127747823,217,10398200.0,840324.2492675781,16055.607421875,52967.5,12.374033010546837,647.6366621815222,196.3128333411998,4417.803369991032,68.61370693108974,7.323033319507811,32.732957136188475,119.4689330575752
2023,12,Jiangsu_Zhenjiang,4212,141,0.03347578347578348,139,6647222.0,506808.4716796875,11956.5185546875,37846.38671875,13.115846264308638,555.9496244326059,175.6368989567717,3725.586832048758,84.79800393395391,8.985371965515196,32.05004877211815,119.43787168969979
2023,13,Jiangsu_Taizhou,6623,229,0.03457647591725804,211,10403152.0,821755.2185058594,17080.19921875,59716.15625,12.659672571249782,609.076736562874,174.21000702803943,3834.808105218594,74.58602278930131,9.016481390608485,32.59651959688939,120.01859361694291
2023,14,Jiangsu_Suqian,9405,148,0.01573631047315258,145,5615465.0,516107.5210571289,12070.9931640625,64316.9921875,10.88041691099172,465.203229235374,87.30919791195343,2301.1026319225757,81.56076462204392,6.8385956605528975,33.771292490437816,118.49384829020626
2023,15,Zhejiang_Hangzhou,18384,287,0.015611401218450827,265,15016991.0,970445.4040527344,28430.033203125,101727.7578125,15.474328527175931,528.2087042497491,147.61940421097887,2821.255537048063,99.05934913980836,5.533494223917537,29.902960760769375,119.42732290731314
2023,16,Zhejiang_Ningbo,9637,431,0.04472346165819238,398,19490424.0,1550985.4125976562,34660.2265625,100704.953125,12.566477957620897,562.3282342039653,193.539874605845,4279.829210237766,80.41815907772622,10.449823920825983,29.726300490831505,121.40836118452712
2023,17,Zhejiang_Wenzhou,12585,212,0.01684545093365117,207,12309577.0,761062.3168945312,37187.765625,102347.203125,16.17420377641148,331.0114709264682,120.27272484394038,2071.3804923528533,175.41398879716982,8.13247541716329,27.91658611468568,120.38204275052409
2023,18,Zhejiang_Jiaxing,4676,183,0.03913601368691189,173,8711006.0,629234.0087890625,14038.6708984375,59528.3671875,13.84382579187671,620.500762716044,146.33369621179818,3074.164615058131,76.71404862534153,12.730617448139435,30.636614355340335,120.71407290583244
2023,19,Zhejiang_Huzhou,6860,107,0.015597667638483964,105,5001611.0,374622.42126464844,8831.3759765625,35018.37890625,13.35107221590098,566.3456083484301,142.82817069831077,3055.5383584847464,82.53622408002336,5.1047199571793005,30.72851771266912,119.84912648005557
2023,20,Zhejiang_Shaoxing,9294,156,0.016785022595222725,139,7152970.5,537489.3951416016,14362.33203125,60205.953125,13.30811466171449,498.036842793799,118.80835911938733,2591.105894065189,92.06623096955128,6.477937715192597,29.707569646153477,120.60140275944579
2023,21,Zhejiang_Jinhua,12538,183,0.014595629286967619,172,9778755.0,630613.5940551758,17909.71875,72749.765625,15.506730416509868,546.0027115166172,134.41630933089345,2515.4720214949148,97.8673155737705,5.8023421299250275,29.115572659438808,119.93810948166113
2023,22,Zhejiang_Quzhou,10687,36,0.0033685786469542433,36,1693829.375,124369.0299987793,2887.23486328125,29989.103515625,13.619382373703688,586.6614443256677,56.48149415728538,1200.4360177436845,80.20096842447917,2.8061292706676335,28.942249141037596,118.66548294306223
2023,23,Zhejiang_Zhoushan,760,24,0.031578947368421054,0,1367490.75,85732.78427124023,3717.6357421875,8288.2666015625,15.950616343842876,367.83882145359206,164.991163501208,2895.659750553334,154.9014892578125,10.905613949424342,29.930222295487553,121.66481981690896
2023,24,Zhejiang_Taizhou,10495,174,0.01657932348737494,168,8958064.0,619778.1753540039,16639.6015625,69691.5078125,14.453661578004658,538.3580830558124,128.53881744244978,2496.7173973066347,95.62989403735632,6.640448576703192,28.78030381964947,121.04669890427489
2023,25,Zhejiang_Lishui,19368,30,0.0015489467162329617,30,1510760.75,105253.27682495117,4379.740234375,25539.822265625,14.353574497377183,344.94300327279325,59.15314266040877,1174.6362088188107,145.99134114583333,1.3186607943837774,28.192527343951202,119.47800510960715
2023,26,Anhui_Hefei,12801,284,0.022185766736973676,278,13727653.0,1003361.1297607422,46115.57421875,103964.296875,13.68166714139449,297.6793248823629,132.04199338264414,2731.7070238205274,162.37878246038733,8.121576195219124,31.8059561424028,117.32441610351175
2023,27,Anhui_Wuhu,6365,63,0.009897879025923017,63,2860882.25,217365.22674560547,10641.828125,45971.9140625,13.161637180119195,268.83372070999314,62.231088444796036,1370.401935284876,168.91790674603175,7.2226102219167325,31.164408878773543,118.11123309603293
2023,28,Anhui_Bengbu,6577,62,0.009426790329937661,60,2951797.25,218131.46591186523,5489.099609375,35104.59375,13.53219370557321,537.7561822632141,84.08578293261121,1766.1506195325221,88.5338646673387,5.337478143530485,33.075971492967824,117.30712625015883
2023,29,Anhui_Huainan,2417,64,0.026479106330161355,61,3365872.0,233251.36184692383,7580.283203125,26559.376953125,14.430235147818452,444.02984820044804,126.73008127940925,2409.695081061369,118.44192504882812,10.988571350072403,32.70347454233038,116.81316200965705
2023,30,Anhui_Maanshan,4561,79,0.017320762990572242,77,4076065.0,287552.6809692383,7427.3330078125,30360.90234375,14.175019986810861,548.7925471649862,134.25375022949822,2602.030700720023,94.01687351661393,6.656632831341811,31.641224731748427,118.3057299058898
2023,31,Anhui_Huaibei,3306,65,0.019661222020568664,65,2324544.5,227137.2413635254,6292.15771484375,25887.43359375,10.234096733963788,369.4351930365948,89.79432015080917,2510.870757605456,96.80242638221154,7.830439683529946,33.66128937128523,116.76664541082641
2023,32,Anhui_Tongling,1253,23,0.018355945730247406,0,1168751.375,78088.40751647949,2357.624755859375,8879.9970703125,14.96702791324501,495.7325681685845,131.61618925611538,2590.090944612282,102.5054241677989,7.0869888829309655,31.135937536114692,117.83803087401012
2023,33,Anhui_Anqing,16820,70,0.004161712247324614,69,3226836.0,248045.00579833984,6806.16357421875,61425.25390625,13.009074662133742,474.1049733543018,52.53272546377982,1139.5964289677527,97.230908203125,3.6519175925237812,30.652154436099703,116.56293238294478
2023,34,Anhui_Huangshan,11250,21,0.0018666666666666666,0,919631.4375,73110.58521270752,1778.3070068359375,16985.64453125,12.578635977600639,517.1387358678068,54.1416862814992,1236.3381301995596,84.68128603980655,1.5098350694444445,29.951300817098428,118.02958050176348
2023,35,Anhui_Chuzhou,15635,99,0.006331947553565718,95,3653738.5,356048.5076904297,6986.576171875,44454.90625,10.261912130177452,522.9655284813763,82.1897695487773,2226.9757907767494,70.57147648358585,2.8432942916533417,32.528067108118144,118.07782843365027
2023,36,Anhui_Fuyang,12558,132,0.01051122790253225,132,5822877.0,475008.23974609375,12005.115234375,91786.296875,12.258475775309716,485.03299521249,63.439502390318,1438.1231675547974,90.9478426846591,7.308990036231884,32.89321331954427,115.68649298440187
2023,37,Anhui_Suzhou,11938,83,0.006952588373261853,83,2995666.75,292535.70556640625,10372.8486328125,66803.65625,10.240345684297937,288.79884938490164,44.84285618723152,1242.4469656179933,124.97407991340361,5.595883418495561,33.81021621747854,117.17245163670843
2023,38,Anhui_Lu'an,21692,59,0.0027198967361239165,56,2312612.5,202671.81396484375,6163.365234375,70618.078125,11.410627135360592,375.21912332922324,32.74816536222466,835.4801145333491,104.46381753177967,3.255489494975106,31.753773065560694,116.28652963739101
2023,39,Anhui_Bozhou,10768,74,0.00687221396731055,74,2942245.25,261336.21215820312,5983.47998046875,61281.44140625,11.258467495575681,491.728101306274,48.01201118125014,1207.5433981625122,80.85783757390203,5.691069967148032,33.42234822290941,116.15788415359076
2023,40,Anhui_Chizhou,9456,15,0.0015862944162436548,0,707283.0,51325.087547302246,1613.6824951171875,18026.33203125,13.780453844295026,438.3036948967066,39.23610187440639,832.1160385815803,107.5788330078125,1.906337989768401,30.278283798271122,117.36728775763781
2023,41,Anhui_Xuancheng,13596,42,0.003089143865842895,41,1783701.125,147575.55961608887,4781.0712890625,31235.671875,12.086697347719484,373.07561781823136,57.10461846756738,1344.6165066683075,113.83503069196429,2.297416289717564,30.68143788152658,118.83135523192556
2024,1,Shanghai_Shanghai,6943,1001,0.1441739881895434,996,58524504.0,3530835.8764648438,197663.015625,350872.9375,16.57525471237596,296.08221758101087,166.7968593331596,2852.884600141041,197.46555007492506,50.536214532622786,31.174937991002842,121.39731959211504
2024,2,Jiangsu_Nanjing,7264,297,0.04088656387665198,297,16707806.0,1057832.4890136719,50576.53125,118330.6328125,15.794377818342902,330.34701247923164,141.19594903607285,2509.9164344925744,170.291351010101,16.290010023747246,31.935716790867197,118.82972083372556
2024,3,Jiangsu_Wuxi,4468,490,0.10966875559534467,470,24053746.0,1718254.6997070312,34453.73828125,78322.640625,13.998940904454534,698.1461867402134,307.1110193432654,6256.1731332076115,70.31375159438775,17.529686800581917,31.549667157961814,120.05717776035183
2024,4,Jiangsu_Xuzhou,13482,266,0.01973001038421599,265,10457716.0,942527.4658203125,21110.80078125,104353.7578125,11.095396557911771,495.37277663518284,100.21408159340213,2549.0217657321127,79.36391271146617,7.740228290498442,34.32449774262204,117.50910738727144
2024,5,Jiangsu_Changzhou,4818,348,0.0722291407222914,343,16635590.0,1227818.9086914062,26368.203125,61640.078125,13.548895429318645,630.8958529004809,269.8826884395679,5645.677464819079,75.77069863505747,12.79370654317144,31.651482732547414,119.60118605513709
2024,6,Jiangsu_Suzhou,6960,707,0.10158045977011494,690,32713552.0,2484251.708984375,58898.3828125,163924.921875,13.168372545217702,555.4236031257756,199.5642372484736,4312.950050018134,83.30747215346534,23.55243130387931,31.44195132902768,120.6975538078631
2024,7,Jiangsu_Nantong,9786,313,0.0319844676067852,301,14248758.0,1107060.0891113281,23339.68359375,93678.25,12.870808134216025,610.4949085006274,152.10316161969294,3341.223816627659,74.56767921325878,9.572680359697527,32.21350530807948,120.95831823942517
2024,8,Jiangsu_Lianyungang,8818,135,0.015309594012247674,134,5412546.0,467607.2692871094,11400.62890625,59491.109375,11.574982587956121,474.75854573538123,90.98075421458721,2269.246639006721,84.44910300925926,6.746553569403493,34.50592614189938,119.08713484257518
2024,9,Jiangsu_Huaian,9745,145,0.014879425346331451,144,6096226.0,504298.40087890625,18508.95703125,67297.3984375,12.088529309978608,329.3662624915766,90.58635462203858,2154.6152357533324,127.64797952586207,6.905838731400718,33.39821736096465,119.0105658323877
2024,10,Jiangsu_Yancheng,17270,226,0.013086276780544297,225,9596048.0,793760.9100341797,20110.296875,93412.4921875,12.089343124224635,477.170877170355,102.7276735186399,2419.376624128247,88.98361449115045,5.40894569701795,33.5087075718737,120.12563476574105
2024,11,Jiangsu_Yangzhou,7233,234,0.03235172127747823,233,10398200.0,840324.2492675781,16055.607421875,52967.5,12.374033010546837,647.6366621815222,196.3128333411998,4417.803369991032,68.61370693108974,7.323033319507811,32.732957136188475,119.4689330575752
2024,12,Jiangsu_Zhenjiang,4212,141,0.03347578347578348,139,6647222.0,506808.4716796875,11956.5185546875,37846.38671875,13.115846264308638,555.9496244326059,175.6368989567717,3725.586832048758,84.79800393395391,8.985371965515196,32.05004877211815,119.43787168969979
2024,13,Jiangsu_Taizhou,6623,229,0.03457647591725804,221,10403152.0,821755.2185058594,17080.19921875,59716.15625,12.659672571249782,609.076736562874,174.21000702803943,3834.808105218594,74.58602278930131,9.016481390608485,32.59651959688939,120.01859361694291
2024,14,Jiangsu_Suqian,9405,148,0.01573631047315258,144,5615465.0,516107.5210571289,12070.9931640625,64316.9921875,10.88041691099172,465.203229235374,87.30919791195343,2301.1026319225757,81.56076462204392,6.8385956605528975,33.771292490437816,118.49384829020626
2024,15,Zhejiang_Hangzhou,18384,287,0.015611401218450827,282,15016991.0,970445.4040527344,28430.033203125,101727.7578125,15.474328527175931,528.2087042497491,147.61940421097887,2821.255537048063,99.05934913980836,5.533494223917537,29.902960760769375,119.42732290731314
2024,16,Zhejiang_Ningbo,9637,431,0.04472346165819238,430,19490424.0,1550985.4125976562,34660.2265625,100704.953125,12.566477957620897,562.3282342039653,193.539874605845,4279.829210237766,80.41815907772622,10.449823920825983,29.726300490831505,121.40836118452712
2024,17,Zhejiang_Wenzhou,12585,212,0.01684545093365117,207,12309577.0,761062.3168945312,37187.765625,102347.203125,16.17420377641148,331.0114709264682,120.27272484394038,2071.3804923528533,175.41398879716982,8.13247541716329,27.91658611468568,120.38204275052409
2024,18,Zhejiang_Jiaxing,4676,183,0.03913601368691189,175,8711006.0,629234.0087890625,14038.6708984375,59528.3671875,13.84382579187671,620.500762716044,146.33369621179818,3074.164615058131,76.71404862534153,12.730617448139435,30.636614355340335,120.71407290583244
2024,19,Zhejiang_Huzhou,6860,107,0.015597667638483964,107,5001611.0,374622.42126464844,8831.3759765625,35018.37890625,13.35107221590098,566.3456083484301,142.82817069831077,3055.5383584847464,82.53622408002336,5.1047199571793005,30.72851771266912,119.84912648005557
2024,20,Zhejiang_Shaoxing,9294,156,0.016785022595222725,150,7152970.5,537489.3951416016,14362.33203125,60205.953125,13.30811466171449,498.036842793799,118.80835911938733,2591.105894065189,92.06623096955128,6.477937715192597,29.707569646153477,120.60140275944579
2024,21,Zhejiang_Jinhua,12538,183,0.014595629286967619,181,9778755.0,630613.5940551758,17909.71875,72749.765625,15.506730416509868,546.0027115166172,134.41630933089345,2515.4720214949148,97.8673155737705,5.8023421299250275,29.115572659438808,119.93810948166113
2024,22,Zhejiang_Quzhou,10687,36,0.0033685786469542433,36,1693829.375,124369.0299987793,2887.23486328125,29989.103515625,13.619382373703688,586.6614443256677,56.48149415728538,1200.4360177436845,80.20096842447917,2.8061292706676335,28.942249141037596,118.66548294306223
2024,23,Zhejiang_Zhoushan,760,24,0.031578947368421054,0,1367490.75,85732.78427124023,3717.6357421875,8288.2666015625,15.950616343842876,367.83882145359206,164.991163501208,2895.659750553334,154.9014892578125,10.905613949424342,29.930222295487553,121.66481981690896
2024,24,Zhejiang_Taizhou,10495,174,0.01657932348737494,168,8958064.0,619778.1753540039,16639.6015625,69691.5078125,14.453661578004658,538.3580830558124,128.53881744244978,2496.7173973066347,95.62989403735632,6.640448576703192,28.78030381964947,121.04669890427489
2024,25,Zhejiang_Lishui,19368,30,0.0015489467162329617,30,1510760.75,105253.27682495117,4379.740234375,25539.822265625,14.353574497377183,344.94300327279325,59.15314266040877,1174.6362088188107,145.99134114583333,1.3186607943837774,28.192527343951202,119.47800510960715
2024,26,Anhui_Hefei,12801,284,0.022185766736973676,282,13727653.0,1003361.1297607422,46115.57421875,103964.296875,13.68166714139449,297.6793248823629,132.04199338264414,2731.7070238205274,162.37878246038733,8.121576195219124,31.8059561424028,117.32441610351175
2024,27,Anhui_Wuhu,6365,63,0.009897879025923017,63,2860882.25,217365.22674560547,10641.828125,45971.9140625,13.161637180119195,268.83372070999314,62.231088444796036,1370.401935284876,168.91790674603175,7.2226102219167325,31.164408878773543,118.11123309603293
2024,28,Anhui_Bengbu,6577,62,0.009426790329937661,60,2951797.25,218131.46591186523,5489.099609375,35104.59375,13.53219370557321,537.7561822632141,84.08578293261121,1766.1506195325221,88.5338646673387,5.337478143530485,33.075971492967824,117.30712625015883
2024,29,Anhui_Huainan,2417,64,0.026479106330161355,63,3365872.0,233251.36184692383,7580.283203125,26559.376953125,14.430235147818452,444.02984820044804,126.73008127940925,2409.695081061369,118.44192504882812,10.988571350072403,32.70347454233038,116.81316200965705
2024,30,Anhui_Maanshan,4561,79,0.017320762990572242,79,4076065.0,287552.6809692383,7427.3330078125,30360.90234375,14.175019986810861,548.7925471649862,134.25375022949822,2602.030700720023,94.01687351661393,6.656632831341811,31.641224731748427,118.3057299058898
2024,31,Anhui_Huaibei,3306,65,0.019661222020568664,65,2324544.5,227137.2413635254,6292.15771484375,25887.43359375,10.234096733963788,369.4351930365948,89.79432015080917,2510.870757605456,96.80242638221154,7.830439683529946,33.66128937128523,116.76664541082641
2024,32,Anhui_Tongling,1253,23,0.018355945730247406,0,1168751.375,78088.40751647949,2357.624755859375,8879.9970703125,14.96702791324501,495.7325681685845,131.61618925611538,2590.090944612282,102.5054241677989,7.0869888829309655,31.135937536114692,117.83803087401012
2024,33,Anhui_Anqing,16820,70,0.004161712247324614,69,3226836.0,248045.00579833984,6806.16357421875,61425.25390625,13.009074662133742,474.1049733543018,52.53272546377982,1139.5964289677527,97.230908203125,3.6519175925237812,30.652154436099703,116.56293238294478
2024,34,Anhui_Huangshan,11250,21,0.0018666666666666666,0,919631.4375,73110.58521270752,1778.3070068359375,16985.64453125,12.578635977600639,517.1387358678068,54.1416862814992,1236.3381301995596,84.68128603980655,1.5098350694444445,29.951300817098428,118.02958050176348
2024,35,Anhui_Chuzhou,15635,99,0.006331947553565718,98,3653738.5,356048.5076904297,6986.576171875,44454.90625,10.261912130177452,522.9655284813763,82.1897695487773,2226.9757907767494,70.57147648358585,2.8432942916533417,32.528067108118144,118.07782843365027
2024,36,Anhui_Fuyang,12558,132,0.01051122790253225,131,5822877.0,475008.23974609375,12005.115234375,91786.296875,12.258475775309716,485.03299521249,63.439502390318,1438.1231675547974,90.9478426846591,7.308990036231884,32.89321331954427,115.68649298440187
2024,37,Anhui_Suzhou,11938,83,0.006952588373261853,83,2995666.75,292535.70556640625,10372.8486328125,66803.65625,10.240345684297937,288.79884938490164,44.84285618723152,1242.4469656179933,124.97407991340361,5.595883418495561,33.81021621747854,117.17245163670843
2024,38,Anhui_Lu'an,21692,59,0.0027198967361239165,57,2312612.5,202671.81396484375,6163.365234375,70618.078125,11.410627135360592,375.21912332922324,32.74816536222466,835.4801145333491,104.46381753177967,3.255489494975106,31.753773065560694,116.28652963739101
2024,39,Anhui_Bozhou,10768,74,0.00687221396731055,74,2942245.25,261336.21215820312,5983.47998046875,61281.44140625,11.258467495575681,491.728101306274,48.01201118125014,1207.5433981625122,80.85783757390203,5.691069967148032,33.42234822290941,116.15788415359076
2024,40,Anhui_Chizhou,9456,15,0.0015862944162436548,0,707283.0,51325.087547302246,1613.6824951171875,18026.33203125,13.780453844295026,438.3036948967066,39.23610187440639,832.1160385815803,107.5788330078125,1.906337989768401,30.278283798271122,117.36728775763781
2024,41,Anhui_Xuancheng,13596,42,0.003089143865842895,42,1783701.125,147575.55961608887,4781.0712890625,31235.671875,12.086697347719484,373.07561781823136,57.10461846756738,1344.6165066683075,113.83503069196429,2.297416289717564,30.68143788152658,118.83135523192556
2025,1,Shanghai_Shanghai,6943,1001,0.1441739881895434,998,58524504.0,3530835.8764648438,197663.015625,350872.9375,16.57525471237596,296.08221758101087,166.7968593331596,2852.884600141041,197.46555007492506,50.536214532622786,31.174937991002842,121.39731959211504
2025,2,Jiangsu_Nanjing,7264,297,0.04088656387665198,294,16707806.0,1057832.4890136719,50576.53125,118330.6328125,15.794377818342902,330.34701247923164,141.19594903607285,2509.9164344925744,170.291351010101,16.290010023747246,31.935716790867197,118.82972083372556
2025,3,Jiangsu_Wuxi,4468,490,0.10966875559534467,487,24053746.0,1718254.6997070312,34453.73828125,78322.640625,13.998940904454534,698.1461867402134,307.1110193432654,6256.1731332076115,70.31375159438775,17.529686800581917,31.549667157961814,120.05717776035183
2025,4,Jiangsu_Xuzhou,13482,266,0.01973001038421599,265,10457716.0,942527.4658203125,21110.80078125,104353.7578125,11.095396557911771,495.37277663518284,100.21408159340213,2549.0217657321127,79.36391271146617,7.740228290498442,34.32449774262204,117.50910738727144
2025,5,Jiangsu_Changzhou,4818,348,0.0722291407222914,346,16635590.0,1227818.9086914062,26368.203125,61640.078125,13.548895429318645,630.8958529004809,269.8826884395679,5645.677464819079,75.77069863505747,12.79370654317144,31.651482732547414,119.60118605513709
2025,6,Jiangsu_Suzhou,6960,707,0.10158045977011494,692,32713552.0,2484251.708984375,58898.3828125,163924.921875,13.168372545217702,555.4236031257756,199.5642372484736,4312.950050018134,83.30747215346534,23.55243130387931,31.44195132902768,120.6975538078631
2025,7,Jiangsu_Nantong,9786,313,0.0319844676067852,304,14248758.0,1107060.0891113281,23339.68359375,93678.25,12.870808134216025,610.4949085006274,152.10316161969294,3341.223816627659,74.56767921325878,9.572680359697527,32.21350530807948,120.95831823942517
2025,8,Jiangsu_Lianyungang,8818,135,0.015309594012247674,134,5412546.0,467607.2692871094,11400.62890625,59491.109375,11.574982587956121,474.75854573538123,90.98075421458721,2269.246639006721,84.44910300925926,6.746553569403493,34.50592614189938,119.08713484257518
2025,9,Jiangsu_Huaian,9745,145,0.014879425346331451,145,6096226.0,504298.40087890625,18508.95703125,67297.3984375,12.088529309978608,329.3662624915766,90.58635462203858,2154.6152357533324,127.64797952586207,6.905838731400718,33.39821736096465,119.0105658323877
2025,10,Jiangsu_Yancheng,17270,226,0.013086276780544297,226,9596048.0,793760.9100341797,20110.296875,93412.4921875,12.089343124224635,477.170877170355,102.7276735186399,2419.376624128247,88.98361449115045,5.40894569701795,33.5087075718737,120.12563476574105
2025,11,Jiangsu_Yangzhou,7233,234,0.03235172127747823,230,10398200.0,840324.2492675781,16055.607421875,52967.5,12.374033010546837,647.6366621815222,196.3128333411998,4417.803369991032,68.61370693108974,7.323033319507811,32.732957136188475,119.4689330575752
2025,12,Jiangsu_Zhenjiang,4212,141,0.03347578347578348,140,6647222.0,506808.4716796875,11956.5185546875,37846.38671875,13.115846264308638,555.9496244326059,175.6368989567717,3725.586832048758,84.79800393395391,8.985371965515196,32.05004877211815,119.43787168969979
2025,13,Jiangsu_Taizhou,6623,229,0.03457647591725804,223,10403152.0,821755.2185058594,17080.19921875,59716.15625,12.659672571249782,609.076736562874,174.21000702803943,3834.808105218594,74.58602278930131,9.016481390608485,32.59651959688939,120.01859361694291
2025,14,Jiangsu_Suqian,9405,148,0.01573631047315258,146,5615465.0,516107.5210571289,12070.9931640625,64316.9921875,10.88041691099172,465.203229235374,87.30919791195343,2301.1026319225757,81.56076462204392,6.8385956605528975,33.771292490437816,118.49384829020626
2025,15,Zhejiang_Hangzhou,18384,287,0.015611401218450827,277,15016991.0,970445.4040527344,28430.033203125,101727.7578125,15.474328527175931,528.2087042497491,147.61940421097887,2821.255537048063,99.05934913980836,5.533494223917537,29.902960760769375,119.42732290731314
2025,16,Zhejiang_Ningbo,9637,431,0.04472346165819238,420,19490424.0,1550985.4125976562,34660.2265625,100704.953125,12.566477957620897,562.3282342039653,193.539874605845,4279.829210237766,80.41815907772622,10.449823920825983,29.726300490831505,121.40836118452712
2025,17,Zhejiang_Wenzhou,12585,212,0.01684545093365117,207,12309577.0,761062.3168945312,37187.765625,102347.203125,16.17420377641148,331.0114709264682,120.27272484394038,2071.3804923528533,175.41398879716982,8.13247541716329,27.91658611468568,120.38204275052409
2025,18,Zhejiang_Jiaxing,4676,183,0.03913601368691189,177,8711006.0,629234.0087890625,14038.6708984375,59528.3671875,13.84382579187671,620.500762716044,146.33369621179818,3074.164615058131,76.71404862534153,12.730617448139435,30.636614355340335,120.71407290583244
2025,19,Zhejiang_Huzhou,6860,107,0.015597667638483964,107,5001611.0,374622.42126464844,8831.3759765625,35018.37890625,13.35107221590098,566.3456083484301,142.82817069831077,3055.5383584847464,82.53622408002336,5.1047199571793005,30.72851771266912,119.84912648005557
2025,20,Zhejiang_Shaoxing,9294,156,0.016785022595222725,150,7152970.5,537489.3951416016,14362.33203125,60205.953125,13.30811466171449,498.036842793799,118.80835911938733,2591.105894065189,92.06623096955128,6.477937715192597,29.707569646153477,120.60140275944579
2025,21,Zhejiang_Jinhua,12538,183,0.014595629286967619,175,9778755.0,630613.5940551758,17909.71875,72749.765625,15.506730416509868,546.0027115166172,134.41630933089345,2515.4720214949148,97.8673155737705,5.8023421299250275,29.115572659438808,119.93810948166113
2025,22,Zhejiang_Quzhou,10687,36,0.0033685786469542433,35,1693829.375,124369.0299987793,2887.23486328125,29989.103515625,13.619382373703688,586.6614443256677,56.48149415728538,1200.4360177436845,80.20096842447917,2.8061292706676335,28.942249141037596,118.66548294306223
2025,23,Zhejiang_Zhoushan,760,24,0.031578947368421054,0,1367490.75,85732.78427124023,3717.6357421875,8288.2666015625,15.950616343842876,367.83882145359206,164.991163501208,2895.659750553334,154.9014892578125,10.905613949424342,29.930222295487553,121.66481981690896
2025,24,Zhejiang_Taizhou,10495,174,0.01657932348737494,167,8958064.0,619778.1753540039,16639.6015625,69691.5078125,14.453661578004658,538.3580830558124,128.53881744244978,2496.7173973066347,95.62989403735632,6.640448576703192,28.78030381964947,121.04669890427489
2025,25,Zhejiang_Lishui,19368,30,0.0015489467162329617,0,1510760.75,105253.27682495117,4379.740234375,25539.822265625,14.353574497377183,344.94300327279325,59.15314266040877,1174.6362088188107,145.99134114583333,1.3186607943837774,28.192527343951202,119.47800510960715
2025,26,Anhui_Hefei,12801,284,0.022185766736973676,281,13727653.0,1003361.1297607422,46115.57421875,103964.296875,13.68166714139449,297.6793248823629,132.04199338264414,2731.7070238205274,162.37878246038733,8.121576195219124,31.8059561424028,117.32441610351175
2025,27,Anhui_Wuhu,6365,63,0.009897879025923017,60,2860882.25,217365.22674560547,10641.828125,45971.9140625,13.161637180119195,268.83372070999314,62.231088444796036,1370.401935284876,168.91790674603175,7.2226102219167325,31.164408878773543,118.11123309603293
2025,28,Anhui_Bengbu,6577,62,0.009426790329937661,61,2951797.25,218131.46591186523,5489.099609375,35104.59375,13.53219370557321,537.7561822632141,84.08578293261121,1766.1506195325221,88.5338646673387,5.337478143530485,33.075971492967824,117.30712625015883
2025,29,Anhui_Huainan,2417,64,0.026479106330161355,62,3365872.0,233251.36184692383,7580.283203125,26559.376953125,14.430235147818452,444.02984820044804,126.73008127940925,2409.695081061369,118.44192504882812,10.988571350072403,32.70347454233038,116.81316200965705
2025,30,Anhui_Maanshan,4561,79,0.017320762990572242,78,4076065.0,287552.6809692383,7427.3330078125,30360.90234375,14.175019986810861,548.7925471649862,134.25375022949822,2602.030700720023,94.01687351661393,6.656632831341811,31.641224731748427,118.3057299058898
2025,31,Anhui_Huaibei,3306,65,0.019661222020568664,65,2324544.5,227137.2413635254,6292.15771484375,25887.43359375,10.234096733963788,369.4351930365948,89.79432015080917,2510.870757605456,96.80242638221154,7.830439683529946,33.66128937128523,116.76664541082641
2025,32,Anhui_Tongling,1253,23,0.018355945730247406,0,1168751.375,78088.40751647949,2357.624755859375,8879.9970703125,14.96702791324501,495.7325681685845,131.61618925611538,2590.090944612282,102.5054241677989,7.0869888829309655,31.135937536114692,117.83803087401012
2025,33,Anhui_Anqing,16820,70,0.004161712247324614,69,3226836.0,248045.00579833984,6806.16357421875,61425.25390625,13.009074662133742,474.1049733543018,52.53272546377982,1139.5964289677527,97.230908203125,3.6519175925237812,30.652154436099703,116.56293238294478
2025,34,Anhui_Huangshan,11250,21,0.0018666666666666666,0,919631.4375,73110.58521270752,1778.3070068359375,16985.64453125,12.578635977600639,517.1387358678068,54.1416862814992,1236.3381301995596,84.68128603980655,1.5098350694444445,29.951300817098428,118.02958050176348
2025,35,Anhui_Chuzhou,15635,99,0.006331947553565718,99,3653738.5,356048.5076904297,6986.576171875,44454.90625,10.261912130177452,522.9655284813763,82.1897695487773,2226.9757907767494,70.57147648358585,2.8432942916533417,32.528067108118144,118.07782843365027
2025,36,Anhui_Fuyang,12558,132,0.01051122790253225,132,5822877.0,475008.23974609375,12005.115234375,91786.296875,12.258475775309716,485.03299521249,63.439502390318,1438.1231675547974,90.9478426846591,7.308990036231884,32.89321331954427,115.68649298440187
2025,37,Anhui_Suzhou,11938,83,0.006952588373261853,83,2995666.75,292535.70556640625,10372.8486328125,66803.65625,10.240345684297937,288.79884938490164,44.84285618723152,1242.4469656179933,124.97407991340361,5.595883418495561,33.81021621747854,117.17245163670843
2025,38,Anhui_Lu'an,21692,59,0.0027198967361239165,57,2312612.5,202671.81396484375,6163.365234375,70618.078125,11.410627135360592,375.21912332922324,32.74816536222466,835.4801145333491,104.46381753177967,3.255489494975106,31.753773065560694,116.28652963739101
2025,39,Anhui_Bozhou,10768,74,0.00687221396731055,74,2942245.25,261336.21215820312,5983.47998046875,61281.44140625,11.258467495575681,491.728101306274,48.01201118125014,1207.5433981625122,80.85783757390203,5.691069967148032,33.42234822290941,116.15788415359076
2025,40,Anhui_Chizhou,9456,15,0.0015862944162436548,0,707283.0,51325.087547302246,1613.6824951171875,18026.33203125,13.780453844295026,438.3036948967066,39.23610187440639,832.1160385815803,107.5788330078125,1.906337989768401,30.278283798271122,117.36728775763781
2025,41,Anhui_Xuancheng,13596,42,0.003089143865842895,41,1783701.125,147575.55961608887,4781.0712890625,31235.671875,12.086697347719484,373.07561781823136,57.10461846756738,1344.6165066683075,113.83503069196429,2.297416289717564,30.68143788152658,118.83135523192556
